"","name","ticker","date"
"1","GLX Holding","GLX","2020-02-28T18:07:52.357+01:00"
"2","Holmetjern Invest AS","HOLMIN","2020-02-28T17:00:00+01:00"
"3","Storm Real Estate ASA","STORM","2020-02-28T16:41:22.91+01:00"
"4","Storm Real Estate ASA","STORM","2020-02-28T16:41:10.05+01:00"
"5","Boa Offshore AS","BOAO","2020-02-28T16:31:00+01:00"
"6","BOA OCV AS","BOA","2020-02-28T16:31:00+01:00"
"7","Sand Hill Petroleum BV","SAHI","2020-02-28T16:14:27.82+01:00"
"8","Steen & Strøm AS","SST","2020-02-28T15:54:11.473+01:00"
"9","Songa Container AS","SCT","2020-02-28T15:53:13.267+01:00"
"10","Bulk Industrier AS","BUIN","2020-02-28T15:48:10.827+01:00"
"11","Ice Group Scandinavia Holdings AS","IGSH","2020-02-28T15:14:42.227+01:00"
"12","DigiPlex Norway Holding 2 AS","DPNH","2020-02-28T15:00:00+01:00"
"13","Beerenberg AS","BBERG","2020-02-28T14:27:28.033+01:00"
"14","Havila Shipping ASA","HAVI","2020-02-28T13:59:20.01+01:00"
"15","Havila Shipping ASA","HAVI","2020-02-28T13:59:19.933+01:00"
"16","Fossberg Kraft Produksjon AS","FOKR","2020-02-28T13:29:52.747+01:00"
"17","Rem Saltire AS","EFOR","2020-02-28T13:10:01.703+01:00"
"18","Rem Saltire AS","EFOR","2020-02-28T13:10:01.67+01:00"
"19","Zwipe AS","ZWIPE-ME","2020-02-28T10:35:30.647+01:00"
"20","Jinhui Shipping and Transport. Ltd","JIN","2020-02-28T09:19:57.18+01:00"
"21","Quantafuel ASA","QFUEL-ME","2020-02-28T08:57:10.507+01:00"
"22","Scana ASA","SCANA","2020-02-28T08:50:00+01:00"
"23","Viking Redningstjeneste Topco AS","VIKR","2020-02-28T08:40:00+01:00"
"24","Northern Ocean Ltd.","NOL","2020-02-28T08:03:20.033+01:00"
"25","Northern Drilling Ltd.","NODL","2020-02-28T08:02:45.213+01:00"
"26","MPC Container Ships ASA","MPCC","2020-02-28T08:00:19.067+01:00"
"27","MPC Container Ships Invest B.V.","MPCBV","2020-02-28T08:00:18.613+01:00"
"28","American Shipping Company ASA","AMSC","2020-02-28T08:00:15.52+01:00"
"29","American Tanker, Inc.","AMTI","2020-02-28T08:00:11.287+01:00"
"30","Hospitality Invest AS","HOIN","2020-02-28T08:00:00+01:00"
"31","Aega ASA","AEGA","2020-02-28T08:00:00+01:00"
"32","Jinhui Shipping and Transport. Ltd","JIN","2020-02-28T07:57:17.633+01:00"
"33","Medistim ASA","MEDI","2020-02-28T07:55:00+01:00"
"34","SeaBird Exploration PLC","SBX","2020-02-28T07:30:03.973+01:00"
"35","Element ASA","ELE","2020-02-28T07:30:00+01:00"
"36","Zalaris ASA","ZAL","2020-02-28T07:26:02.007+01:00"
"37","Jacob Holm & Sønner Holding A/S","JAHO","2020-02-28T07:07:18.357+01:00"
"38","Insr Insurance Group ASA","INSR","2020-02-28T07:00:15.59+01:00"
"39","Vistin Pharma ASA","VISTIN","2020-02-28T07:00:03.417+01:00"
"40","Infront ASA","INFRNT","2020-02-28T07:00:00+01:00"
"41","B2Holding ASA","B2H","2020-02-28T07:00:00+01:00"
"42","Okeanis Eco Tankers Corp.","OET","2020-02-28T06:30:00+01:00"
"43","Jinhui Shipping and Transport. Ltd","JIN","2020-02-28T05:13:49.55+01:00"
"44","Møller Mobility Group AS","MOLLG","2020-02-27T20:00:00+01:00"
"45","Petrolia SE","PSE","2020-02-27T19:01:27.667+01:00"
"46","Solstad Offshore ASA","SOFF","2020-02-27T17:09:57+01:00"
"47","Ziton A/S","ZITON","2020-02-27T17:00:00+01:00"
"48","Ziton A/S","ZITON","2020-02-27T17:00:00+01:00"
"49","Byggma ASA","BMA","2020-02-27T16:17:05.023+01:00"
"50","Småkraft AS","SMAKR","2020-02-27T13:40:25.71+01:00"
"51","Småkraft AS","SMAKR","2020-02-27T13:40:25.687+01:00"
"52","Sunndal Sparebank","SUNSB-ME","2020-02-27T12:55:53.75+01:00"
"53","Ekornes QM Holding AS","EKO","2020-02-27T09:00:01.737+01:00"
"54","Interoil Exploration and Prod. ASA","IOX","2020-02-27T08:54:20.557+01:00"
"55","Odfjell Drilling Ltd","ODL","2020-02-27T08:01:11.88+01:00"
"56","Odfjell Drilling Ltd","ODL","2020-02-27T08:00:10.473+01:00"
"57","Siem Offshore Inc.","SIOFF","2020-02-27T07:54:18.767+01:00"
"58","Borgestad ASA","BOR","2020-02-27T07:32:56.443+01:00"
"59","Kongsberg Automotive ASA","KOA","2020-02-27T07:30:17.637+01:00"
"60","Avance Gas Holding Ltd","AVANCE","2020-02-27T07:30:04.983+01:00"
"61","North Energy ASA","NORTH","2020-02-27T07:30:02.623+01:00"
"62","Höegh LNG Holdings Ltd","HLNG","2020-02-27T07:00:17.73+01:00"
"63","Otello Corporation ASA","OTELLO","2020-02-27T07:00:17.697+01:00"
"64","Polarcus Limited","PLCS","2020-02-27T07:00:03.977+01:00"
"65","IDEX Biometrics ASA","IDEX","2020-02-27T07:00:02.43+01:00"
"66","ADS Crude Carriers Plc","ADSC-ME","2020-02-27T06:30:00+01:00"
"67","AqualisBraemar ASA","AQUA","2020-02-27T06:00:00+01:00"
"68","Vizrt Group AS","VIZG","2020-02-26T15:39:40.377+01:00"
"69","Vizrt Group AS","VIZG","2020-02-26T10:00:00+01:00"
"70","Eidesvik Offshore ASA","EIOF","2020-02-26T08:30:00+01:00"
"71","Vow ASA","VOW","2020-02-26T08:00:02.93+01:00"
"72","Fjord1 ASA","FJORD","2020-02-26T08:00:00+01:00"
"73","Fjord1 ASA","FJORD","2020-02-26T08:00:00+01:00"
"74","Solon Eiendom ASA","SOLON","2020-02-26T08:00:00+01:00"
"75","Nekkar ASA","NKR","2020-02-26T07:55:02.743+01:00"
"76","Goodtech ASA","GOD","2020-02-26T07:50:00+01:00"
"77","Panoro Energy ASA","PEN","2020-02-26T07:30:26.407+01:00"
"78","NTS ASA","NTS","2020-02-26T07:13:37.113+01:00"
"79","Multiconsult ASA","MULTI","2020-02-26T07:00:41.407+01:00"
"80","PCI Biotech Holding ASA","PCIB","2020-02-26T07:00:04.84+01:00"
"81","FLEX LNG LTD","FLNG","2020-02-26T07:00:00+01:00"
"82","NEXT Biometrics Group ASA","NEXT","2020-02-26T07:00:00+01:00"
"83","Axxis Geo Solutions ASA","AGS","2020-02-26T07:00:00+01:00"
"84","Eidesvik Offshore ASA","EIOF","2020-02-25T17:00:00+01:00"
"85","MPC Container Ships ASA","MPCC","2020-02-25T15:00:04.73+01:00"
"86","Drangedal Sparebank","DTSB","2020-02-25T14:26:16.323+01:00"
"87","OTIGA Group AS","OTIG","2020-02-25T12:00:00+01:00"
"88","Avance Gas Holding Ltd","AVANCE","2020-02-25T08:00:01.85+01:00"
"89","Siccar Point Energy Bonds plc","SPEB","2020-02-25T08:00:00+01:00"
"90","Reach Subsea ASA","REACH","2020-02-25T07:30:00+01:00"
"91","Itera ASA","ITE","2020-02-25T07:15:00+01:00"
"92","Itera ASA","ITE","2020-02-25T07:15:00+01:00"
"93","Norwegian Energy Company ASA","NOR","2020-02-25T07:00:17.397+01:00"
"94","Observe Medical ASA","OBSERV","2020-02-25T07:00:13.71+01:00"
"95","Klaveness Combination Carriers ASA","KCC","2020-02-25T07:00:00+01:00"
"96","EAM Solar ASA","EAM","2020-02-25T07:00:00+01:00"
"97","Austevoll Seafood ASA","AUSS","2020-02-25T07:00:00+01:00"
"98","Austevoll Seafood ASA","AUSS","2020-02-25T07:00:00+01:00"
"99","Lerøy Seafood Group ASA","LSG","2020-02-25T06:30:08.603+01:00"
"100","Lerøy Seafood Group ASA","LSG","2020-02-25T06:30:07.887+01:00"
"101","Bouvet ASA","BOUVET","2020-02-25T06:30:00+01:00"
"102","Bouvet ASA","BOUVET","2020-02-25T06:30:00+01:00"
"103","Bakkafrost P/f","BAKKA","2020-02-25T06:00:19.55+01:00"
"104","Medistim ASA","MEDI","2020-02-24T13:37:33.48+01:00"
"105","Infront ASA","INFRNT","2020-02-24T09:50:53.33+01:00"
"106","SeaBird Exploration PLC","SBX","2020-02-24T08:30:01.587+01:00"
"107","Belships ASA","BEL","2020-02-21T15:37:31.107+01:00"
"108","Insr Insurance Group ASA","INSR","2020-02-21T14:35:03.59+01:00"
"109","Diana Shipping Inc","DIASH","2020-02-21T14:32:36.74+01:00"
"110","Haugesund Sparebank","HGSB","2020-02-21T08:02:12.34+01:00"
"111","DOF ASA","DOF","2020-02-21T08:00:18.207+01:00"
"112","Floatel International Ltd","FLOAT","2020-02-20T13:08:57.687+01:00"
"113","Helgeland Kraft AS","HELK","2020-02-20T12:10:45.673+01:00"
"114","Fjord1 ASA","FJORD","2020-02-20T08:27:56.237+01:00"
"115","Fjord1 ASA","FJORD","2020-02-20T08:27:56.207+01:00"
"116","ContextVision AB","COV","2020-02-20T08:00:02.977+01:00"
"117","ContextVision AB","COV","2020-02-20T08:00:02.757+01:00"
"118","Tomra Systems ASA","TOM","2020-02-20T07:00:18.25+01:00"
"119","Norwegian Finans Holding ASA","NOFI","2020-02-20T07:00:04.577+01:00"
"120","Bank Norwegian AS","BANKN","2020-02-20T07:00:04.467+01:00"
"121","Norwegian Finans Holding ASA","NOFI","2020-02-20T07:00:04.233+01:00"
"122","Bank Norwegian AS","BANKN","2020-02-20T07:00:04.14+01:00"
"123","Floatel International Ltd","FLOAT","2020-02-19T18:09:26.727+01:00"
"124","Eidesvik Offshore ASA","EIOF","2020-02-19T14:00:00+01:00"
"125","Bouvet ASA","BOUVET","2020-02-19T09:29:29.69+01:00"
"126","Bouvet ASA","BOUVET","2020-02-19T09:29:29.597+01:00"
"127","Wilson ASA","WILS","2020-02-19T08:20:44.907+01:00"
"128","Pioneer Property Group ASA","PPG PREF","2020-02-19T08:00:00+01:00"
"129","NattoPharma ASA","NATTO","2020-02-19T07:00:12.5+01:00"
"130","Austevoll Seafood ASA","AUSS","2020-02-18T15:26:04.807+01:00"
"131","Austevoll Seafood ASA","AUSS","2020-02-18T15:26:04.76+01:00"
"132","Lerøy Seafood Group ASA","LSG","2020-02-18T15:16:05.703+01:00"
"133","Lerøy Seafood Group ASA","LSG","2020-02-18T15:16:05.687+01:00"
"134","Golden Ocean Group Limited","GOGL","2020-02-18T13:17:55.28+01:00"
"135","SFL Corporation Ltd.","SFLN","2020-02-18T12:34:08.903+01:00"
"136","Voss Veksel- og Landmandsbank ASA","VVL","2020-02-18T10:08:30.493+01:00"
"137","Itera ASA","ITE","2020-02-18T09:11:48.063+01:00"
"138","Itera ASA","ITE","2020-02-18T09:11:48.003+01:00"
"139","Golden Ocean Group Limited","GOGL","2020-02-18T08:01:05.897+01:00"
"140","Avance Gas Holding Ltd","AVANCE","2020-02-18T08:00:01.953+01:00"
"141","Gaming Innovation Group Inc","GIG","2020-02-18T08:00:00+01:00"
"142","Gaming Innovation Group Ltd.","GIGLTD","2020-02-18T08:00:00+01:00"
"143","Surnadal Sparebank","SUSB-ME","2020-02-18T07:00:00+01:00"
"144","Norlandia Health & Care Group AS","NHC","2020-02-18T07:00:00+01:00"
"145","Polarcus Limited","PLCS","2020-02-18T06:37:32.607+01:00"
"146","Grue Sparebank","GRSB","2020-02-17T10:51:49.03+01:00"
"147","Zenith Energy Ltd","ZENA-ME","2020-02-14T19:21:03.377+01:00"
"148","Pandion Energy AS","PANE","2020-02-14T17:00:00+01:00"
"149","Eidsiva Energi AS","EIEN","2020-02-14T14:02:46.933+01:00"
"150","Jacktel AS","JACKT","2020-02-14T13:33:31.763+01:00"
"151","Avinor AS","AVINOR","2020-02-14T13:28:27.077+01:00"
"152","Avinor AS","AVINOR","2020-02-14T13:28:10.097+01:00"
"153","Eiendomskreditt AS","EIKR","2020-02-14T11:22:58.153+01:00"
"154","SpareBank 1 Hallingdal Valdres","SBHA","2020-02-14T10:50:00+01:00"
"155","Sparebanken Sogn og Fjordane","SFSB","2020-02-14T10:36:07.097+01:00"
"156","Sparebanken Sogn og Fjordane","SFSB","2020-02-14T10:34:30.017+01:00"
"157","SpareBank 1 Nordvest","SNOR","2020-02-14T09:00:00+01:00"
"158","Bonheur ASA","BON","2020-02-14T08:32:10.847+01:00"
"159","Bonheur ASA","BON","2020-02-14T08:30:09.343+01:00"
"160","Posten Norge AS","POSTEN","2020-02-14T08:15:00+01:00"
"161","Posten Norge AS","POSTEN","2020-02-14T08:15:00+01:00"
"162","AF Gruppen ASA","AFG","2020-02-14T08:15:00+01:00"
"163","AF Gruppen ASA","AFG","2020-02-14T08:15:00+01:00"
"164","Sogn Sparebank","SOGN","2020-02-14T08:05:05.793+01:00"
"165","AKVA group ASA","AKVA","2020-02-14T08:00:07.107+01:00"
"166","Magnora ASA","MGN","2020-02-14T08:00:00+01:00"
"167","Ultimovacs ASA","ULTIMO","2020-02-14T08:00:00+01:00"
"168","Arendals Fossekompani ASA","AFK","2020-02-14T08:00:00+01:00"
"169","Endúr ASA","ENDUR","2020-02-14T07:43:20.067+01:00"
"170","Endúr ASA","ENDUR","2020-02-14T07:43:20.033+01:00"
"171","Gentian Diagnostics AS","GENT-ME","2020-02-14T07:40:00+01:00"
"172","BRAbank ASA","BRA-ME","2020-02-14T07:36:08.257+01:00"
"173","BRAbank ASA","BRA-ME","2020-02-14T07:34:41.617+01:00"
"174","poLight ASA","PLT","2020-02-14T07:00:20.637+01:00"
"175","Aker ASA","AKER","2020-02-14T07:00:13.027+01:00"
"176","TietoEVRY Oyj","TIETOO","2020-02-14T07:00:11.087+01:00"
"177","Archer Limited","ARCHER","2020-02-14T07:00:09.79+01:00"
"178","NORBIT ASA","NORBIT","2020-02-14T07:00:06.603+01:00"
"179","Sbanken ASA","SBANK","2020-02-14T07:00:06.087+01:00"
"180","Sbanken ASA","SBANK","2020-02-14T07:00:05.947+01:00"
"181","NORBIT ASA","NORBIT","2020-02-14T07:00:05.777+01:00"
"182","Sbanken Boligkreditt AS","SBANBK","2020-02-14T07:00:03.9+01:00"
"183","Polaris Media ASA","POL","2020-02-14T07:00:00+01:00"
"184","Ice Group ASA","ICE","2020-02-14T07:00:00+01:00"
"185","AF Gruppen ASA","AFG","2020-02-14T07:00:00+01:00"
"186","AF Gruppen ASA","AFG","2020-02-14T07:00:00+01:00"
"187","REC Silicon ASA","REC","2020-02-14T06:55:01.543+01:00"
"188","Melhus Sparebank","MELG","2020-02-13T18:26:44.33+01:00"
"189","Wilh. Wilhelmsen Holding ASA","WWI","2020-02-13T18:00:00+01:00"
"190","Orkla ASA","ORK","2020-02-13T17:00:02.23+01:00"
"191","Orkla ASA","ORK","2020-02-13T17:00:02.17+01:00"
"192","Sparebanken Sogn og Fjordane","SFSB","2020-02-13T17:00:00+01:00"
"193","Sparebanken Sogn og Fjordane","SFSB","2020-02-13T17:00:00+01:00"
"194","Fana Sparebank","FSB","2020-02-13T16:53:34.19+01:00"
"195","Magseis Fairfield ASA","MSEIS","2020-02-13T16:42:56.843+01:00"
"196","Magseis Fairfield ASA","MSEIS","2020-02-13T16:34:58.517+01:00"
"197","BKK AS","BKK","2020-02-13T14:35:18.167+01:00"
"198","SpareBank 1 Nordvest","SNOR","2020-02-13T12:55:00+01:00"
"199","Totens Sparebank","TOTG","2020-02-13T12:00:00+01:00"
"200","Skue Sparebank","SKUE","2020-02-13T11:48:55.333+01:00"
"201","SpareBank 1 Søre Sunnmøre","SBSS","2020-02-13T10:00:00+01:00"
"202","Arcus ASA","ARCUS","2020-02-13T09:15:41.72+01:00"
"203","Tine SA","TINE","2020-02-13T08:50:00+01:00"
"204","Sandnes Sparebank","SADG","2020-02-13T08:00:00+01:00"
"205","Sparebanken Øst","SPOG","2020-02-13T07:55:00+01:00"
"206","SpareBank 1 Nord-Norge","NONG","2020-02-13T07:30:08.55+01:00"
"207","Olav Thon Eiendomsselskap ASA","OLT","2020-02-13T07:30:00+01:00"
"208","Olav Thon Eiendomsselskap ASA","OLT","2020-02-13T07:30:00+01:00"
"209","SATS ASA","SATS","2020-02-13T07:30:00+01:00"
"210","S.D. Standard Drilling Plc","SDSD","2020-02-13T07:10:00+01:00"
"211","Saga Tankers ASA","SAGA","2020-02-13T07:03:03.763+01:00"
"212","OKEA ASA","OKEA","2020-02-13T07:00:20.517+01:00"
"213","SpareBank 1 Nord-Norge","NONG","2020-02-13T07:00:19.237+01:00"
"214","Q-Free ASA","QFR","2020-02-13T07:00:18.597+01:00"
"215","SpareBank 1 Nord-Norge","NONG","2020-02-13T07:00:17.47+01:00"
"216","Elkem ASA","ELK","2020-02-13T07:00:14.72+01:00"
"217","Techstep ASA","TECH","2020-02-13T07:00:12.423+01:00"
"218","Techstep ASA","TECH","2020-02-13T07:00:12.33+01:00"
"219","Akastor ASA","AKA","2020-02-13T07:00:10.41+01:00"
"220","Schibsted ASA","SCHA","2020-02-13T07:00:05.317+01:00"
"221","Kitron ASA","KIT","2020-02-13T07:00:03.8+01:00"
"222","Kitron ASA","KIT","2020-02-13T07:00:03.003+01:00"
"223","Navamedic ASA","NAVA","2020-02-13T07:00:00+01:00"
"224","Navamedic ASA","NAVA","2020-02-13T07:00:00+01:00"
"225","Fjordkraft Holding ASA","FKRAFT","2020-02-13T07:00:00+01:00"
"226","Fjordkraft Holding ASA","FKRAFT","2020-02-13T07:00:00+01:00"
"227","Norwegian Air Shuttle ASA","NAS","2020-02-13T07:00:00+01:00"
"228","Arcus ASA","ARCUS","2020-02-13T06:50:13.483+01:00"
"229","Jæren Sparebank","JAEREN","2020-02-13T06:30:00+01:00"
"230","Grieg Seafood ASA","GSF","2020-02-13T06:00:07.35+01:00"
"231","Ocean Yield ASA","OCY","2020-02-12T19:11:50.47+01:00"
"232","Ocean Yield ASA","OCY","2020-02-12T19:05:37.067+01:00"
"233","Golden Ocean Group Limited","GOGL","2020-02-12T17:06:46.603+01:00"
"234","NRC Group ASA","NRC","2020-02-12T16:31:47.52+01:00"
"235","ABG Sundal Collier Holding ASA","ASC","2020-02-12T08:00:00+01:00"
"236","Carasent ASA","CARA","2020-02-12T08:00:00+01:00"
"237","SSB Boligkreditt AS","SSBB","2020-02-12T08:00:00+01:00"
"238","Philly Shipyard ASA","PHLY","2020-02-12T07:50:01.897+01:00"
"239","Storebrand Bank ASA","STORB","2020-02-12T07:40:07.923+01:00"
"240","Storebrand Bank ASA","STORB","2020-02-12T07:40:07.86+01:00"
"241","Storebrand Boligkreditt AS","STORK","2020-02-12T07:40:07.39+01:00"
"242","Storebrand Boligkreditt AS","STORK","2020-02-12T07:40:07.377+01:00"
"243","Storebrand Livsforsikring AS","STORL","2020-02-12T07:35:06.543+01:00"
"244","Storebrand Livsforsikring AS","STORL","2020-02-12T07:35:06.51+01:00"
"245","Storebrand ASA","STB","2020-02-12T07:30:11.427+01:00"
"246","Storebrand ASA","STB","2020-02-12T07:30:10.537+01:00"
"247","Selvaag Bolig ASA","SBO","2020-02-12T07:00:35.967+01:00"
"248","Selvaag Bolig ASA","SBO","2020-02-12T07:00:35.937+01:00"
"249","StrongPoint ASA","STRONG","2020-02-12T07:00:16.063+01:00"
"250","Self Storage Group ASA","SSG","2020-02-12T07:00:15.78+01:00"
"251","StrongPoint ASA","STRONG","2020-02-12T07:00:14.797+01:00"
"252","Webstep ASA","WSTEP","2020-02-12T07:00:11.407+01:00"
"253","Hexagon Composites ASA","HEX","2020-02-12T07:00:10.297+01:00"
"254","Adevinta ASA","ADE","2020-02-12T07:00:07.577+01:00"
"255","Kværner ASA","KVAER","2020-02-12T07:00:05.327+01:00"
"256","Kværner ASA","KVAER","2020-02-12T07:00:03.67+01:00"
"257","Axactor SE","AXA","2020-02-12T07:00:00+01:00"
"258","Kongsberg Gruppen ASA","KOG","2020-02-12T07:00:00+01:00"
"259","Kongsberg Gruppen ASA","KOG","2020-02-12T07:00:00+01:00"
"260","Mowi ASA","MOWI","2020-02-12T06:30:12.063+01:00"
"261","Mowi ASA","MOWI","2020-02-12T06:30:11.377+01:00"
"262","Instabank ASA","INSTA-ME","2020-02-11T20:14:21.717+01:00"
"263","OBOS Boligkreditt AS","OBBK","2020-02-11T17:13:00+01:00"
"264","OBOS Boligkreditt AS","OBBK","2020-02-11T17:13:00+01:00"
"265","OBOS-banken AS","OBOSBK","2020-02-11T17:13:00+01:00"
"266","OBOS BBL","OBOS","2020-02-11T17:12:00+01:00"
"267","SFL Corporation Ltd.","SFLN","2020-02-11T16:53:44.583+01:00"
"268","Eksportfinans ASA","EKSPFI","2020-02-11T15:13:25.457+01:00"
"269","Eksportfinans ASA","EKSPFI","2020-02-11T15:12:49.297+01:00"
"270","Totens Sparebank Boligkreditt AS","TSBK","2020-02-11T13:51:20.793+01:00"
"271","Agder Energi AS","AEN","2020-02-11T13:20:02.253+01:00"
"272","SpareBank 1 Ringerike Hadeland","RING","2020-02-11T12:29:15.35+01:00"
"273","Totens Sparebank","TOTG","2020-02-11T12:20:22.79+01:00"
"274","Deep Drilling 1 PTE. LTD","DEED","2020-02-11T11:52:51.73+01:00"
"275","Fana Sparebank Boligkreditt AS","FSBKR","2020-02-11T08:59:56.38+01:00"
"276","2020 Bulkers Ltd.","2020","2020-02-11T08:38:39.437+01:00"
"277","Nordic Mining ASA","NOM","2020-02-11T08:00:11.997+01:00"
"278","Lillestrøm Sparebank","LSTSB-ME","2020-02-11T08:00:00+01:00"
"279","Veidekke ASA","VEI","2020-02-11T07:00:15.757+01:00"
"280","Veidekke ASA","VEI","2020-02-11T07:00:15.367+01:00"
"281","Aker BP ASA","AKERBP","2020-02-11T07:00:08.977+01:00"
"282","Aker BP ASA","AKERBP","2020-02-11T07:00:08.773+01:00"
"283","Crayon Group Holding ASA","CRAYON","2020-02-11T07:00:00+01:00"
"284","Odfjell SE","ODF","2020-02-11T06:57:18.057+01:00"
"285","Odfjell SE","ODF","2020-02-11T06:57:18.027+01:00"
"286","Self Storage Group ASA","SSG","2020-02-10T12:48:41.553+01:00"
"287","AF Gruppen ASA","AFG","2020-02-10T10:30:00+01:00"
"288","AF Gruppen ASA","AFG","2020-02-10T10:30:00+01:00"
"289","BRAbank ASA","BRA-ME","2020-02-10T08:57:59.437+01:00"
"290","StrongPoint ASA","STRONG","2020-02-07T09:05:38.65+01:00"
"291","Hofseth BioCare ASA","HBC","2020-02-07T08:45:02.65+01:00"
"292","SpareBank 1 BV","SBVG","2020-02-07T08:30:00+01:00"
"293","SpareBank 1 Østlandet","SPOL","2020-02-07T08:06:23.753+01:00"
"294","SpareBank 1 Østlandet","SPOL","2020-02-07T08:02:40.25+01:00"
"295","Yara International ASA","YAR","2020-02-07T08:00:14.29+01:00"
"296","Yara International ASA","YAR","2020-02-07T08:00:14.147+01:00"
"297","SpareBank 1 Østfold Akershus","SOAG","2020-02-07T08:00:00+01:00"
"298","Høland og Setskog Sparebank","HSPG","2020-02-07T08:00:00+01:00"
"299","SpareBank 1 Østlandet","SPOL","2020-02-07T07:30:00+01:00"
"300","SpareBank 1 Østlandet","SPOL","2020-02-07T07:30:00+01:00"
"301","Aker Solutions ASA","AKSO","2020-02-07T07:00:10.923+01:00"
"302","Nordic Semiconductor ASA","NOD","2020-02-07T07:00:00+01:00"
"303","SpareBank 1 BV","SBVG","2020-02-07T07:00:00+01:00"
"304","SpareBank 1 BV","SBVG","2020-02-07T07:00:00+01:00"
"305","XXL ASA","XXL","2020-02-07T06:59:56.3+01:00"
"306","Norsk Hydro ASA","NHY","2020-02-07T06:59:11.277+01:00"
"307","Norsk Hydro ASA","NHY","2020-02-07T06:59:10.917+01:00"
"308","Grieg Seafood ASA","GSF","2020-02-06T16:05:08.77+01:00"
"309","Sparebanken Sør","SOR","2020-02-06T15:09:41.427+01:00"
"310","Eika Gruppen AS","EIKA","2020-02-06T15:05:18.57+01:00"
"311","Eika Forsikring AS","EIKF","2020-02-06T14:35:00+01:00"
"312","Eika Gruppen AS","EIKA","2020-02-06T14:35:00+01:00"
"313","Arcus ASA","ARCUS","2020-02-06T13:36:25.147+01:00"
"314","Aker ASA","AKER","2020-02-06T13:28:29.403+01:00"
"315","GasLog Ltd","GLOG","2020-02-06T13:00:00+01:00"
"316","OBOS BBL","OBOS","2020-02-06T12:57:02.353+01:00"
"317","Q-Free ASA","QFR","2020-02-06T11:54:51.867+01:00"
"318","SpareBank 1 Østfold Akershus","SOAG","2020-02-06T11:22:46.443+01:00"
"319","Bank2 ASA","BANKTO","2020-02-06T10:28:09.137+01:00"
"320","DnB Bank ASA","DNM","2020-02-06T07:31:17.16+01:00"
"321","DnB Bank ASA","DNM","2020-02-06T07:31:17.13+01:00"
"322","DNB ASA","DNB","2020-02-06T07:30:22.39+01:00"
"323","DNB ASA","DNB","2020-02-06T07:30:22.373+01:00"
"324","Sparebanken Telemark","SBTE","2020-02-06T07:15:00+01:00"
"325","Atea ASA","ATEA","2020-02-06T07:00:22.543+01:00"
"326","DNO ASA","DNO","2020-02-06T07:00:05.667+01:00"
"327","Prosafe SE","PRS","2020-02-06T07:00:04.167+01:00"
"328","Orkla ASA","ORK","2020-02-06T07:00:02.697+01:00"
"329","Orkla ASA","ORK","2020-02-06T07:00:02.607+01:00"
"330","Protector Forsikring ASA","PROTCT","2020-02-06T07:00:00+01:00"
"331","Protector Forsikring ASA","PROTCT","2020-02-06T07:00:00+01:00"
"332","Orkla ASA","ORK","2020-02-06T06:59:04.96+01:00"
"333","Orkla ASA","ORK","2020-02-06T06:59:04.867+01:00"
"334","Equinor ASA","EQNR","2020-02-06T06:43:09.717+01:00"
"335","Equinor ASA","EQNR","2020-02-06T06:43:09.7+01:00"
"336","Nordea Bank Abp","NDA","2020-02-06T06:30:27.093+01:00"
"337","Nordea Bank Abp","NDA","2020-02-06T06:30:27.077+01:00"
"338","Romsdal Sparebank","ROMSB-ME","2020-02-05T19:34:53.907+01:00"
"339","Sparebanken Sør Boligkreditt AS","SORB","2020-02-05T15:27:22.673+01:00"
"340","KLP Boligkreditt AS","KLPBK","2020-02-05T14:19:30.05+01:00"
"341","KLP Banken AS","KLPB","2020-02-05T14:14:16.737+01:00"
"342","KLP Banken AS","KLPB","2020-02-05T14:14:16.59+01:00"
"343","KLP Boligkreditt AS","KLPBK","2020-02-05T14:13:00+01:00"
"344","KLP Boligkreditt AS","KLPBK","2020-02-05T14:13:00+01:00"
"345","KLP Kommunekreditt AS","KLPKK","2020-02-05T14:11:07.9+01:00"
"346","KLP Kommunekreditt AS","KLPKK","2020-02-05T14:11:07.8+01:00"
"347","Odfjell SE","ODF","2020-02-05T14:02:04.117+01:00"
"348","Odfjell SE","ODF","2020-02-05T14:02:04.087+01:00"
"349","Helgeland Sparebank","HELG","2020-02-05T12:28:24.903+01:00"
"350","Axactor SE","AXA","2020-02-05T11:14:50.92+01:00"
"351","Stadshypotek AB (publ)","STHY","2020-02-05T11:00:16.33+01:00"
"352","Helgeland Boligkreditt AS","HEBK","2020-02-05T08:27:45.063+01:00"
"353","Helgeland Boligkreditt AS","HEBK","2020-02-05T08:26:55.497+01:00"
"354","SR-Boligkreditt AS","SRBOL","2020-02-05T08:15:00+01:00"
"355","SR-Boligkreditt AS","SRBOL","2020-02-05T08:15:00+01:00"
"356","Yara International ASA","YAR","2020-02-05T08:00:01.883+01:00"
"357","Yara International ASA","YAR","2020-02-05T08:00:01.82+01:00"
"358","SpareBank 1 SR-Bank ASA","SRBANK","2020-02-05T07:30:18.217+01:00"
"359","SpareBank 1 SR-Bank ASA","SRBANK","2020-02-05T07:30:18.187+01:00"
"360","SVENSKA HANDELSBANKEN AB","SHB","2020-02-05T07:00:10.933+01:00"
"361","Borregaard ASA","BRG","2020-02-05T07:00:05.357+01:00"
"362","Wilh. Wilhelmsen Holding ASA","WWI","2020-02-04T10:30:00+01:00"
"363","Vasakronan AB","VASA","2020-01-30T10:48:54.153+01:00"
"364","AB Stena Metall Finans","SMF","2020-01-30T08:30:00+01:00"
"365","Aurskog Sparebank","AURG","2020-01-30T08:24:01.757+01:00"
"366","Data Respons ASA","DAT","2020-01-30T07:30:10.69+01:00"
"367","Data Respons ASA","DAT","2020-01-30T07:30:10.647+01:00"
"368","Europris ASA","EPR","2020-01-30T07:00:28.36+01:00"
"369","ArcticZymes Technologies ASA","AZT","2020-01-30T07:00:18.627+01:00"
"370","ArcticZymes Technologies ASA","AZT","2020-01-30T07:00:17.643+01:00"
"371","PGS ASA","PGS","2020-01-30T07:00:09+01:00"
"372","Sparebanken Vest","SVEG","2020-01-30T07:00:06.56+01:00"
"373","Sparebanken Vest","SVEG","2020-01-30T07:00:06.403+01:00"
"374","Sparebanken Møre","MORG","2020-01-30T07:00:00+01:00"
"375","Sparebanken Møre","MORG","2020-01-30T07:00:00+01:00"
"376","Møre Boligkreditt AS","MOBK","2020-01-30T07:00:00+01:00"
"377","Frende Holding AS","FRENDE","2020-01-29T16:34:17.507+01:00"
"378","Self Storage Group ASA","SSG","2020-01-29T08:53:57.12+01:00"
"379","Voss Veksel- og Landmandsbank ASA","VVL","2020-01-29T07:15:00+01:00"
"380","Telenor ASA","TEL","2020-01-29T07:00:00+01:00"
"381","Telenor ASA","TEL","2020-01-29T07:00:00+01:00"
"382","Bolig- og Næringskreditt AS","BNKR","2020-01-28T08:00:00+01:00"
"383","BN Bank ASA","BNB","2020-01-28T08:00:00+01:00"
"384","Brage Finans AS","BRFI","2020-01-27T15:32:48.867+01:00"
"385","AKVA group ASA","AKVA","2020-01-26T14:14:13.147+01:00"
"386","Aker Solutions ASA","AKSO","2020-01-24T09:00:14.043+01:00"
"387","Scatec Solar ASA","SSO","2020-01-24T07:00:07.087+01:00"
"388","StrongPoint ASA","STRONG","2020-01-23T15:32:01.09+01:00"
"389","Pareto Bank ASA","PARB","2020-01-23T07:28:32.677+01:00"
"390","Voss Sparebank","VOSSB","2020-01-22T14:30:33.737+01:00"
"391","Gjensidige Forsikring ASA","GJF","2020-01-22T07:00:18.873+01:00"
"392","Gjensidige Forsikring ASA","GJF","2020-01-22T07:00:18.313+01:00"
"393","Gjensidige Pensjonsforsikring AS","GJEPF","2020-01-22T07:00:16.767+01:00"
"394","Pareto Bank ASA","PARB","2020-01-20T09:34:52.95+01:00"
"395","Pareto Bank ASA","PARB","2020-01-20T09:34:52.83+01:00"
"396","Yara International ASA","YAR","2020-01-17T08:00:01.827+01:00"
"397","Yara International ASA","YAR","2020-01-17T08:00:01.81+01:00"
"398","Totens Sparebank","TOTG","2020-01-14T12:00:00+01:00"
"399","Scatec Solar ASA","SSO","2020-01-13T13:34:23.77+01:00"
"400","Norwegian Air Shuttle ASA","NAS","2020-01-13T10:54:24.417+01:00"
"401","Lerøy Seafood Group ASA","LSG","2020-01-08T08:00:01.93+01:00"
"402","Lerøy Seafood Group ASA","LSG","2020-01-08T08:00:01.883+01:00"
"403","Polarcus Limited","PLCS","2020-01-06T07:00:01.947+01:00"
"404","Fossberg Kraft Produksjon AS","FOKR","2020-05-30T13:21:58.493+02:00"
"405","Songa Container AS","SCT","2020-05-29T20:06:23.197+02:00"
"406","Endúr ASA","ENDUR","2020-05-29T17:21:47.023+02:00"
"407","Boa Offshore AS","BOAO","2020-05-29T16:31:00+02:00"
"408","BOA OCV AS","BOA","2020-05-29T16:31:00+02:00"
"409","Sand Hill Petroleum BV","SAHI","2020-05-29T16:18:12.713+02:00"
"410","Orkla Sparebank","OSPA","2020-05-29T13:02:03.457+02:00"
"411","CentralNic Group Plc","CNIC","2020-05-29T11:59:08.53+02:00"
"412","DigiPlex Norway Holding 2 AS","DPNH","2020-05-29T11:02:36.09+02:00"
"413","BidCo RelyOn Nutec A/S","BIDCR","2020-05-29T10:00:00+02:00"
"414","Jacktel AS","JACKT","2020-05-29T09:07:47.543+02:00"
"415","Jinhui Shipping and Transport. Ltd","JIN","2020-05-29T09:02:18.827+02:00"
"416","Northern Drilling Ltd.","NODL","2020-05-29T08:00:00+02:00"
"417","Northern Ocean Ltd.","NOL","2020-05-29T08:00:00+02:00"
"418","Aega ASA","AEGA","2020-05-29T08:00:00+02:00"
"419","Element ASA","ELE","2020-05-29T07:00:00+02:00"
"420","PetroNor E&P Limited","PNOR","2020-05-29T07:00:00+02:00"
"421","Jinhui Shipping and Transport. Ltd","JIN","2020-05-29T06:07:23.807+02:00"
"422","Navigator Holdings Ltd","NAVIG","2020-05-28T22:19:54.993+02:00"
"423","Navigator Holdings Ltd","NAVIG","2020-05-28T22:19:23.087+02:00"
"424","TEMPTON Personaldienstleistungen","TEMP","2020-05-28T20:05:00+02:00"
"425","Orkla ASA","ORK","2020-05-28T20:00:06.707+02:00"
"426","Orkla ASA","ORK","2020-05-28T20:00:06.44+02:00"
"427","GLX Holding","GLX","2020-05-28T17:49:05.223+02:00"
"428","SAS AB","SAS","2020-05-28T08:00:18.823+02:00"
"429","SAS AB","SAS","2020-05-28T08:00:18.747+02:00"
"430","Hospitality Invest AS","HOIN","2020-05-28T08:00:00+02:00"
"431","Tine SA","TINE","2020-05-28T08:00:00+02:00"
"432","Panoro Energy ASA","PEN","2020-05-28T07:30:29.277+02:00"
"433","Höegh LNG Holdings Ltd","HLNG","2020-05-28T07:00:18.32+02:00"
"434","ADS Crude Carriers Plc","ADSC-ME","2020-05-28T07:00:00+02:00"
"435","Altera Shuttle Tankers LLC","AST","2020-05-27T16:30:00+02:00"
"436","Byggma ASA","BMA","2020-05-27T14:34:41.037+02:00"
"437","Golden Ocean Group Limited","GOGL","2020-05-27T13:57:46.35+02:00"
"438","Golden Ocean Group Limited","GOGL","2020-05-27T08:00:21.383+02:00"
"439","MPC Container Ships Invest B.V.","MPCBV","2020-05-27T08:00:10.037+02:00"
"440","MPC Container Ships ASA","MPCC","2020-05-27T08:00:09.663+02:00"
"441","Norlandia Health & Care Group AS","NHC","2020-05-27T08:00:00+02:00"
"442","Solon Eiendom ASA","SOLON","2020-05-27T08:00:00+02:00"
"443","Reach Subsea ASA","REACH","2020-05-27T07:50:00+02:00"
"444","Klaveness Combination Carriers ASA","KCC","2020-05-27T07:00:00+02:00"
"445","Axxis Geo Solutions ASA","AGS","2020-05-27T07:00:00+02:00"
"446","DOF Subsea AS","DOFSUB","2020-05-27T07:00:00+02:00"
"447","Pexip Holding ASA","PEXIP","2020-05-27T06:00:00+02:00"
"448","Star Bulk Carriers Corp.","SBLK","2020-05-27T00:05:00+02:00"
"449","Prosafe SE","PRS","2020-05-26T11:44:41.427+02:00"
"450","Magnora ASA","MGN","2020-05-26T08:30:00+02:00"
"451","BW LPG Limited","BWLPG","2020-05-26T08:00:24.033+02:00"
"452","Floatel International Ltd","FLOAT","2020-05-26T07:54:09.24+02:00"
"453","Ice Group Scandinavia Holdings AS","IGSH","2020-05-25T12:52:53.09+02:00"
"454","Hafnia Limited","HAFNIA","2020-05-25T08:33:16.323+02:00"
"455","RomReal Ltd.","ROM","2020-05-21T21:00:02.707+02:00"
"456","Star Bulk Carriers Corp.","SBLK","2020-05-21T16:53:51.293+02:00"
"457","Star Bulk Carriers Corp.","SBLK","2020-05-21T16:53:23.523+02:00"
"458","Beerenberg AS","BBERG","2020-05-20T13:32:59.213+02:00"
"459","Olav Thon Eiendomsselskap ASA","OLT","2020-05-20T13:00:00+02:00"
"460","Olav Thon Eiendomsselskap ASA","OLT","2020-05-20T13:00:00+02:00"
"461","MPC Container Ships ASA","MPCC","2020-05-20T12:00:22.097+02:00"
"462","Norled AS","NRLD","2020-05-20T10:22:46.277+02:00"
"463","Borgestad ASA","BOR","2020-05-20T08:00:00+02:00"
"464","Posten Norge AS","POSTEN","2020-05-20T08:00:00+02:00"
"465","Posten Norge AS","POSTEN","2020-05-20T08:00:00+02:00"
"466","Multiconsult ASA","MULTI","2020-05-20T07:00:31.713+02:00"
"467","Selvaag Bolig ASA","SBO","2020-05-20T07:00:27.743+02:00"
"468","Selvaag Bolig ASA","SBO","2020-05-20T07:00:27.697+02:00"
"469","NRC Group ASA","NRC","2020-05-20T07:00:16.977+02:00"
"470","Norwegian Energy Company ASA","NOR","2020-05-20T07:00:14.007+02:00"
"471","Hexagon Composites ASA","HEX","2020-05-20T07:00:05.227+02:00"
"472","Bouvet ASA","BOUVET","2020-05-19T07:00:00+02:00"
"473","Bouvet ASA","BOUVET","2020-05-19T07:00:00+02:00"
"474","EAM Solar ASA","EAM","2020-05-19T07:00:00+02:00"
"475","SalMar ASA","SALM","2020-05-19T06:30:04.527+02:00"
"476","SalMar ASA","SALM","2020-05-19T06:30:04.433+02:00"
"477","Tysnes Sparebank","TYSB-ME","2020-05-18T08:21:11.587+02:00"
"478","Tinn Sparebank","TNSB","2020-05-18T07:53:47.783+02:00"
"479","Drangedal Sparebank","DTSB","2020-05-15T21:00:26.177+02:00"
"480","Haltdalen Sparebank","HDSB","2020-05-15T18:16:24.59+02:00"
"481","Wilh. Wilhelmsen Holding ASA","WWI","2020-05-15T18:00:00+02:00"
"482","Ørland Sparebank","ORLSB","2020-05-15T16:11:28.477+02:00"
"483","Hemne Sparebank","SBHEMN","2020-05-15T15:49:37.327+02:00"
"484","SpareBank 1 BV","SBVG","2020-05-15T14:34:37.467+02:00"
"485","Valle Sparebank","VASB","2020-05-15T14:22:44.097+02:00"
"486","Sunndal Sparebank","SUNSB-ME","2020-05-15T13:28:19.67+02:00"
"487","Luster Sparebank","LUSB","2020-05-15T12:53:51.553+02:00"
"488","SpareBank 1 Nordvest","SNOR","2020-05-15T11:59:03.237+02:00"
"489","SpareBank 1 Østfold Akershus","SOAG","2020-05-15T11:16:17.607+02:00"
"490","Sparebanken Narvik","NASB","2020-05-15T11:00:00+02:00"
"491","Ofoten Sparebank","OFSB","2020-05-15T09:19:22.427+02:00"
"492","Ofoten Sparebank","OFSB","2020-05-15T09:18:30.497+02:00"
"493","Pandion Energy AS","PANE","2020-05-15T09:11:16.903+02:00"
"494","OTIGA Group AS","OTIG","2020-05-15T09:00:00+02:00"
"495","Sparebanken Din","SBDIN","2020-05-15T08:47:38.78+02:00"
"496","Voss Sparebank","VOSSB","2020-05-15T08:44:07.97+02:00"
"497","Selbu Sparebank","SELB","2020-05-15T08:40:01.193+02:00"
"498","Melhus Sparebank","MELG","2020-05-15T08:32:37.097+02:00"
"499","Haltdalen Sparebank","HDSB","2020-05-15T08:21:15.643+02:00"
"500","AF Gruppen ASA","AFG","2020-05-15T08:15:00+02:00"
"501","AF Gruppen ASA","AFG","2020-05-15T08:15:00+02:00"
"502","Haugesund Sparebank","HGSB","2020-05-15T08:14:07.58+02:00"
"503","Glitre Energi AS","GLITRE","2020-05-15T08:00:00+02:00"
"504","BRAbank ASA","BRA-ME","2020-05-15T07:44:47.88+02:00"
"505","AF Gruppen ASA","AFG","2020-05-15T07:21:40.687+02:00"
"506","AF Gruppen ASA","AFG","2020-05-15T07:21:40.657+02:00"
"507","Belships ASA","BEL","2020-05-15T07:18:29.437+02:00"
"508","poLight ASA","PLT","2020-05-15T07:00:24.993+02:00"
"509","Sbanken ASA","SBANK","2020-05-15T07:00:04.853+02:00"
"510","Sbanken ASA","SBANK","2020-05-15T07:00:04.73+02:00"
"511","Sbanken Boligkreditt AS","SBANBK","2020-05-15T07:00:03.15+02:00"
"512","ETNE SPAREBANK","ETNE","2020-05-15T07:00:00+02:00"
"513","AF Gruppen ASA","AFG","2020-05-15T07:00:00+02:00"
"514","AF Gruppen ASA","AFG","2020-05-15T07:00:00+02:00"
"515","Infront ASA","INFRNT","2020-05-15T07:00:00+02:00"
"516","Diana Shipping Inc","DIASH","2020-05-14T21:08:01.343+02:00"
"517","Opdals Sparebank","OPSB","2020-05-14T18:15:55.473+02:00"
"518","Flekkefjord Sparebank","FFSB","2020-05-14T16:49:41.523+02:00"
"519","Aasen Sparebank","AASB-ME","2020-05-14T16:07:19.033+02:00"
"520","Ziton A/S","ZITON","2020-05-14T16:00:00+02:00"
"521","Ziton A/S","ZITON","2020-05-14T16:00:00+02:00"
"522","SpareBank 1 Søre Sunnmøre","SBSS","2020-05-14T15:55:00+02:00"
"523","AF Gruppen ASA","AFG","2020-05-14T15:30:00+02:00"
"524","AF Gruppen ASA","AFG","2020-05-14T15:30:00+02:00"
"525","Orkla Sparebank","OSPA","2020-05-14T15:29:35.34+02:00"
"526","Eika Gruppen AS","EIKA","2020-05-14T15:15:00+02:00"
"527","Eika Forsikring AS","EIKF","2020-05-14T15:15:00+02:00"
"528","IDEX Biometrics ASA","IDEX","2020-05-14T14:34:55.547+02:00"
"529","Nordea Direct Boligkreditt AS","NDBO","2020-05-14T13:08:45.623+02:00"
"530","SpareBank 1 BV","SBVG","2020-05-14T12:51:03.093+02:00"
"531","Surnadal Sparebank","SUSB-ME","2020-05-14T12:20:00+02:00"
"532","Hjartdal og Gransherad Sparebank","HJGSB","2020-05-14T12:07:28.613+02:00"
"533","Kvinesdal Sparebank","KDSB","2020-05-14T11:48:28.453+02:00"
"534","Strømmen Sparebank","STSB","2020-05-14T10:56:53.95+02:00"
"535","Hegra Sparebank","HESB","2020-05-14T09:43:08.867+02:00"
"536","RørosBanken","ROSB","2020-05-14T08:49:33.487+02:00"
"537","Ørskog Sparebank","ORSP","2020-05-14T08:32:54.593+02:00"
"538","Bouvet ASA","BOUVET","2020-05-14T08:31:41.87+02:00"
"539","Bouvet ASA","BOUVET","2020-05-14T08:31:41.697+02:00"
"540","Navamedic ASA","NAVA","2020-05-14T08:00:15.587+02:00"
"541","Navamedic ASA","NAVA","2020-05-14T08:00:15.557+02:00"
"542","Ultimovacs ASA","ULTIMO","2020-05-14T08:00:00+02:00"
"543","Sogn Sparebank","SOGN","2020-05-14T07:55:00+02:00"
"544","Lerøy Seafood Group ASA","LSG","2020-05-14T07:50:39.637+02:00"
"545","Lerøy Seafood Group ASA","LSG","2020-05-14T07:50:34.357+02:00"
"546","Jæren Sparebank","JAEREN","2020-05-14T07:45:00+02:00"
"547","Mutares SE & CO KGaA","MTRS","2020-05-14T07:30:00+02:00"
"548","S.D. Standard Drilling Plc","SDSD","2020-05-14T07:15:00+02:00"
"549","Surnadal Sparebank","SUSB-ME","2020-05-14T07:11:04.457+02:00"
"550","Saga Tankers ASA","SAGA","2020-05-14T07:05:03.503+02:00"
"551","Insr Insurance Group ASA","INSR","2020-05-14T07:00:17.303+02:00"
"552","Ice Group ASA","ICE","2020-05-14T07:00:06.46+02:00"
"553","Fjordkraft Holding ASA","FKRAFT","2020-05-14T07:00:00+02:00"
"554","Austevoll Seafood ASA","AUSS","2020-05-14T07:00:00+02:00"
"555","Austevoll Seafood ASA","AUSS","2020-05-14T07:00:00+02:00"
"556","Lerøy Seafood Group ASA","LSG","2020-05-14T06:30:07.98+02:00"
"557","Lerøy Seafood Group ASA","LSG","2020-05-14T06:30:07.247+02:00"
"558","Okeanis Eco Tankers Corp.","OET","2020-05-14T06:30:00+02:00"
"559","NTS ASA","NTS","2020-05-13T23:00:00+02:00"
"560","Andebu Sparebank","ANSB","2020-05-13T20:25:27.387+02:00"
"561","Blaker Sparebank","BLSB","2020-05-13T18:57:39.763+02:00"
"562","Eidesvik Offshore ASA","EIOF","2020-05-13T17:00:00+02:00"
"563","SØGNE OG GREIPSTAD SPAREBANK","SOGSB","2020-05-13T15:40:25.29+02:00"
"564","Avinor AS","AVINOR","2020-05-13T15:25:06.023+02:00"
"565","Avinor AS","AVINOR","2020-05-13T14:26:36.037+02:00"
"566","Nordea Direct Bank ASA","NDB","2020-05-13T13:40:13.02+02:00"
"567","IDEX Biometrics ASA","IDEX","2020-05-13T13:00:29.64+02:00"
"568","Skue Sparebank","SKUE","2020-05-13T12:58:51.027+02:00"
"569","Grong Sparebank","GRONG-ME","2020-05-13T12:49:12.627+02:00"
"570","Selvaag Bolig ASA","SBO","2020-05-13T11:09:03.597+02:00"
"571","Selvaag Bolig ASA","SBO","2020-05-13T11:05:19.45+02:00"
"572","Rindal Sparebank","RISB","2020-05-13T10:29:50.15+02:00"
"573","Bien Sparebank ASA","SBBIG","2020-05-13T09:16:01.097+02:00"
"574","Bonheur ASA","BON","2020-05-13T08:05:15.457+02:00"
"575","SSB Boligkreditt AS","SSBB","2020-05-13T08:05:00+02:00"
"576","Stadsbygd Sparebank","SBSB","2020-05-13T08:01:17.967+02:00"
"577","Odfjell Drilling Ltd","ODL","2020-05-13T08:00:49.81+02:00"
"578","Bonheur ASA","BON","2020-05-13T08:00:15.893+02:00"
"579","Odfjell Drilling Ltd","ODL","2020-05-13T08:00:13.687+02:00"
"580","Fjord1 ASA","FJORD","2020-05-13T08:00:00+02:00"
"581","Fjord1 ASA","FJORD","2020-05-13T08:00:00+02:00"
"582","Questerre Energy Corporation","QEC","2020-05-13T08:00:00+02:00"
"583","Lillestrøm Sparebank","LSTSB-ME","2020-05-13T08:00:00+02:00"
"584","Sandnes Sparebank","SADG","2020-05-13T08:00:00+02:00"
"585","Goodtech ASA","GOD","2020-05-13T07:55:00+02:00"
"586","Sparebanken Øst Boligkreditt AS","SPOBK","2020-05-13T07:55:00+02:00"
"587","Sparebanken Øst","SPOG","2020-05-13T07:55:00+02:00"
"588","SpareBank 1 Nord-Norge","NONG","2020-05-13T07:30:47.643+02:00"
"589","SpareBank 1 Nord-Norge","NONG","2020-05-13T07:30:27.75+02:00"
"590","Shelf Drilling, Ltd.","SHLF","2020-05-13T07:20:31.167+02:00"
"591","Komplett Bank ASA","KOMP","2020-05-13T07:00:00+02:00"
"592","Mowi ASA","MOWI","2020-05-13T06:30:09.383+02:00"
"593","Mowi ASA","MOWI","2020-05-13T06:30:08.54+02:00"
"594","OBOS Boligkreditt AS","OBBK","2020-05-12T17:41:29.847+02:00"
"595","OBOS Boligkreditt AS","OBBK","2020-05-12T17:40:57.127+02:00"
"596","OBOS-banken AS","OBOSBK","2020-05-12T17:39:36.527+02:00"
"597","OBOS BBL","OBOS","2020-05-12T17:37:21.85+02:00"
"598","Nordea Eiendomskreditt AS","NOKR","2020-05-12T14:23:19.43+02:00"
"599","Arendal og Omegns Sparekasse","ARSP","2020-05-12T08:50:41.76+02:00"
"600","SATS ASA","SATS","2020-05-12T07:30:00+02:00"
"601","Self Storage Group ASA","SSG","2020-05-12T07:00:13.153+02:00"
"602","Observe Medical ASA","OBSERV","2020-05-12T07:00:10.327+02:00"
"603","NEXT Biometrics Group ASA","NEXT","2020-05-12T07:00:00+02:00"
"604","Magseis Fairfield ASA","MSEIS","2020-05-12T07:00:00+02:00"
"605","Askim og Spydeberg Sparebank","ASKSB","2020-05-11T19:00:00+02:00"
"606","Infront ASA","INFRNT","2020-05-11T18:20:31.447+02:00"
"607","NTS ASA","NTS","2020-05-11T16:03:53.65+02:00"
"608","Fana Sparebank","FSB","2020-05-11T14:47:43.89+02:00"
"609","Hjelmeland Sparebank","HJSB","2020-05-11T08:07:18.217+02:00"
"610","Hjelmeland Sparebank","HJSB","2020-05-11T08:07:18.117+02:00"
"611","Nidaros Sparebank","NISB-ME","2020-05-08T14:36:55.607+02:00"
"612","Austevoll Seafood ASA","AUSS","2020-05-08T14:30:00+02:00"
"613","Austevoll Seafood ASA","AUSS","2020-05-08T14:30:00+02:00"
"614","Verd Boligkreditt AS","VEBK","2020-05-08T13:37:41.303+02:00"
"615","Lerøy Seafood Group ASA","LSG","2020-05-08T13:36:46.817+02:00"
"616","Lerøy Seafood Group ASA","LSG","2020-05-08T13:36:46.8+02:00"
"617","AF Gruppen ASA","AFG","2020-05-08T11:15:00+02:00"
"618","AF Gruppen ASA","AFG","2020-05-08T11:15:00+02:00"
"619","Nidaros Sparebank","NISB-ME","2020-05-08T08:57:33.517+02:00"
"620","Scana ASA","SCANA","2020-05-08T08:45:00+02:00"
"621","BW LPG Limited","BWLPG","2020-05-08T08:00:50.353+02:00"
"622","AKVA group ASA","AKVA","2020-05-08T08:00:07.87+02:00"
"623","Zalaris ASA","ZAL","2020-05-08T07:02:59.897+02:00"
"624","Aker ASA","AKER","2020-05-08T07:00:35.43+02:00"
"625","Elkem ASA","ELK","2020-05-08T07:00:17.163+02:00"
"626","Scatec Solar ASA","SSO","2020-05-08T07:00:07.817+02:00"
"627","Fjord1 ASA","FJORD","2020-05-07T17:54:49.097+02:00"
"628","Fjord1 ASA","FJORD","2020-05-07T17:54:16.327+02:00"
"629","GasLog Ltd","GLOG","2020-05-07T17:16:12.217+02:00"
"630","Arendals Fossekompani ASA","AFK","2020-05-07T16:30:00+02:00"
"631","GasLog Ltd","GLOG","2020-05-07T14:53:22.423+02:00"
"632","Sparebanken Sør","SOR","2020-05-07T14:00:00+02:00"
"633","Bank2 ASA","BANKTO","2020-05-07T13:33:10.567+02:00"
"634","Eidsiva Energi AS","EIEN","2020-05-07T12:41:04.23+02:00"
"635","Zwipe AS","ZWIPE-ME","2020-05-07T08:30:06.737+02:00"
"636","SR-Boligkreditt AS","SRBOL","2020-05-07T08:30:00+02:00"
"637","SR-Boligkreditt AS","SRBOL","2020-05-07T08:30:00+02:00"
"638","Sparebanken Vest","SVEG","2020-05-07T08:28:40.59+02:00"
"639","Wilson ASA","WILS","2020-05-07T08:27:46.137+02:00"
"640","Sparebanken Vest","SVEG","2020-05-07T08:26:17.397+02:00"
"641","Euronav Luxembourg S.A.","EULU","2020-05-07T08:00:42.383+02:00"
"642","Statkraft AS","STAEN","2020-05-07T08:00:04.243+02:00"
"643","Statkraft AS","STAEN","2020-05-07T08:00:04.037+02:00"
"644","Instabank ASA","INSTA-ME","2020-05-07T07:36:43.997+02:00"
"645","SpareBank 1 SR-Bank ASA","SRBANK","2020-05-07T07:30:28.623+02:00"
"646","SpareBank 1 SR-Bank ASA","SRBANK","2020-05-07T07:30:26.95+02:00"
"647","Sparebanken Vest Boligkreditt AS","SBVB","2020-05-07T07:30:00+02:00"
"648","Sparebanken Telemark","SBTE","2020-05-07T07:15:00+02:00"
"649","Veidekke ASA","VEI","2020-05-07T07:00:30.01+02:00"
"650","Targovax ASA","TRVX","2020-05-07T07:00:29.853+02:00"
"651","Odfjell SE","ODF","2020-05-07T07:00:29.59+02:00"
"652","Odfjell SE","ODF","2020-05-07T07:00:29.027+02:00"
"653","Veidekke ASA","VEI","2020-05-07T07:00:28.73+02:00"
"654","NEL ASA","NEL","2020-05-07T07:00:28.48+02:00"
"655","Techstep ASA","TECH","2020-05-07T07:00:23.387+02:00"
"656","Otello Corporation ASA","OTELLO","2020-05-07T07:00:22.79+02:00"
"657","Techstep ASA","TECH","2020-05-07T07:00:22.633+02:00"
"658","DNO ASA","DNO","2020-05-07T07:00:04.353+02:00"
"659","Sparebanken Vest","SVEG","2020-05-07T07:00:04.117+02:00"
"660","Sparebanken Vest","SVEG","2020-05-07T07:00:04.01+02:00"
"661","B2Holding ASA","B2H","2020-05-07T07:00:00+02:00"
"662","Equinor ASA","EQNR","2020-05-07T06:44:06.617+02:00"
"663","Equinor ASA","EQNR","2020-05-07T06:44:06.087+02:00"
"664","Grieg Seafood ASA","GSF","2020-05-07T06:00:11.907+02:00"
"665","Frende Holding AS","FRENDE","2020-05-06T16:01:34.557+02:00"
"666","Sparebanken Sør Boligkreditt AS","SORB","2020-05-06T15:42:16.893+02:00"
"667","Eksportfinans ASA","EKSPFI","2020-05-06T12:40:15.84+02:00"
"668","Eksportfinans ASA","EKSPFI","2020-05-06T12:39:45.313+02:00"
"669","Fana Sparebank Boligkreditt AS","FSBKR","2020-05-06T08:00:00+02:00"
"670","Romsdal Sparebank","ROMSB-ME","2020-05-06T08:00:00+02:00"
"671","Aker BP ASA","AKERBP","2020-05-06T07:00:28.247+02:00"
"672","Aker BP ASA","AKERBP","2020-05-06T07:00:28.167+02:00"
"673","NattoPharma ASA","NATTO","2020-05-06T07:00:20.323+02:00"
"674","NORBIT ASA","NORBIT","2020-05-06T07:00:09.977+02:00"
"675","NORBIT ASA","NORBIT","2020-05-06T07:00:09.713+02:00"
"676","Schibsted ASA","SCHA","2020-05-06T07:00:05.93+02:00"
"677","Ocean Yield ASA","OCY","2020-05-05T18:06:01.137+02:00"
"678","Sparebanken Sogn og Fjordane","SFSB","2020-05-05T17:49:35.67+02:00"
"679","Sparebanken Sogn og Fjordane","SFSB","2020-05-05T17:49:35.55+02:00"
"680","Polaris Media ASA","POL","2020-05-05T14:59:50.833+02:00"
"681","Skudenes og Aakra Sparebank","SKASB","2020-05-05T09:00:00+02:00"
"682","Gaming Innovation Group Inc","GIG","2020-05-05T08:05:16.963+02:00"
"683","Bustadkreditt Sogn og Fjordane AS","SSFBK","2020-05-05T07:21:48.973+02:00"
"684","Bustadkreditt Sogn og Fjordane AS","SSFBK","2020-05-05T07:21:48.967+02:00"
"685","Itera ASA","ITE","2020-05-05T07:15:00+02:00"
"686","Itera ASA","ITE","2020-05-05T07:15:00+02:00"
"687","Tomra Systems ASA","TOM","2020-05-05T07:00:31.783+02:00"
"688","Adevinta ASA","ADE","2020-05-05T07:00:10.61+02:00"
"689","Orkla ASA","ORK","2020-05-05T06:59:06.103+02:00"
"690","Orkla ASA","ORK","2020-05-05T06:59:05.713+02:00"
"691","Bakkafrost P/f","BAKKA","2020-05-05T06:00:30.407+02:00"
"692","Fibo Group AS","FBGR","2020-05-04T16:20:19.19+02:00"
"693","Fibo Group AS","FBGR","2020-05-04T16:20:19.137+02:00"
"694","Bluewater Holding B.V.","BLH","2020-05-04T15:46:40.527+02:00"
"695","Statkraft AS","STAEN","2020-05-04T12:00:01.007+02:00"
"696","Statkraft AS","STAEN","2020-05-04T12:00:00.977+02:00"
"697","Høland og Setskog Sparebank","HSPG","2020-05-01T08:00:00+02:00"
"698","Holmetjern Invest AS","HOLMIN","2020-04-30T20:30:00+02:00"
"699","Kommunalbanken AS","KOMB","2020-04-30T13:19:04.077+02:00"
"700","Kommunalbanken AS","KOMB","2020-04-30T13:19:03.9+02:00"
"701","Grieg Seafood ASA","GSF","2020-04-30T13:16:48.713+02:00"
"702","Jacob Holm & Sønner Holding A/S","JAHO","2020-04-30T13:03:10.05+02:00"
"703","Grue Sparebank","GRSB","2020-04-30T11:53:42.45+02:00"
"704","Aurskog Sparebank","AURG","2020-04-30T08:02:38.247+02:00"
"705","2020 Bulkers Ltd.","2020","2020-04-30T07:57:41.527+02:00"
"706","Storebrand Bank ASA","STORB","2020-04-30T07:45:10.687+02:00"
"707","Storebrand Bank ASA","STORB","2020-04-30T07:45:10.623+02:00"
"708","Storebrand Boligkreditt AS","STORK","2020-04-30T07:45:10.187+02:00"
"709","Storebrand Boligkreditt AS","STORK","2020-04-30T07:45:10.187+02:00"
"710","Pareto Bank ASA","PARB","2020-04-30T07:39:03.46+02:00"
"711","Storebrand Livsforsikring AS","STORL","2020-04-30T07:35:10.267+02:00"
"712","Storebrand Livsforsikring AS","STORL","2020-04-30T07:35:10.233+02:00"
"713","DnB Bank ASA","DNM","2020-04-30T07:32:09.353+02:00"
"714","Storebrand ASA","STB","2020-04-30T07:30:16.91+02:00"
"715","Storebrand ASA","STB","2020-04-30T07:30:16.597+02:00"
"716","Protector Forsikring ASA","PROTCT","2020-04-30T07:05:38.417+02:00"
"717","Protector Forsikring ASA","PROTCT","2020-04-30T07:05:38.217+02:00"
"718","Aker Solutions ASA","AKSO","2020-04-30T07:00:13.91+02:00"
"719","Polarcus Limited","PLCS","2020-04-30T07:00:05.267+02:00"
"720","Norwegian Finans Holding ASA","NOFI","2020-04-30T07:00:04.393+02:00"
"721","Bank Norwegian AS","BANKN","2020-04-30T07:00:03.8+02:00"
"722","Møre Boligkreditt AS","MOBK","2020-04-30T07:00:00+02:00"
"723","BN Bank ASA","BNB","2020-04-30T07:00:00+02:00"
"724","Bolig- og Næringskreditt AS","BNKR","2020-04-30T07:00:00+02:00"
"725","Sparebanken Møre","MORG","2020-04-30T07:00:00+02:00"
"726","Sparebanken Møre","MORG","2020-04-30T07:00:00+02:00"
"727","Helgeland Sparebank","HELG","2020-04-29T17:47:00+02:00"
"728","Norwegian Property ASA","NPRO","2020-04-29T17:28:59.5+02:00"
"729","Itera ASA","ITE","2020-04-29T17:19:43.357+02:00"
"730","Itera ASA","ITE","2020-04-29T17:19:43.347+02:00"
"731","Aker ASA","AKER","2020-04-29T16:08:18.813+02:00"
"732","KLP Banken AS","KLPB","2020-04-29T15:55:00+02:00"
"733","KLP Banken AS","KLPB","2020-04-29T15:55:00+02:00"
"734","KLP Boligkreditt AS","KLPBK","2020-04-29T15:55:00+02:00"
"735","KLP Boligkreditt AS","KLPBK","2020-04-29T15:55:00+02:00"
"736","KLP Kommunekreditt AS","KLPKK","2020-04-29T15:55:00+02:00"
"737","KLP Kommunekreditt AS","KLPKK","2020-04-29T15:55:00+02:00"
"738","Ekornes QM Holding AS","EKO","2020-04-29T14:32:58.8+02:00"
"739","Odfjell SE","ODF","2020-04-29T12:30:11.993+02:00"
"740","Odfjell SE","ODF","2020-04-29T12:30:11.93+02:00"
"741","Arcus ASA","ARCUS","2020-04-29T12:00:36.5+02:00"
"742","Helgeland Kraft AS","HELK","2020-04-29T10:10:13.873+02:00"
"743","Felleskjøpet Agri SA","FKOV","2020-04-29T10:00:12.493+02:00"
"744","Akershus Energi AS","NYSK","2020-04-29T08:00:00+02:00"
"745","Medistim ASA","MEDI","2020-04-29T07:55:00+02:00"
"746","Voss Veksel- og Landmandsbank ASA","VVL","2020-04-29T07:10:00+02:00"
"747","Q-Free ASA","QFR","2020-04-29T07:00:24.547+02:00"
"748","StrongPoint ASA","STRONG","2020-04-29T07:00:09.247+02:00"
"749","Borregaard ASA","BRG","2020-04-29T07:00:04.763+02:00"
"750","XXL ASA","XXL","2020-04-29T07:00:01.593+02:00"
"751","Norsk Hydro ASA","NHY","2020-04-29T06:59:06.837+02:00"
"752","Norsk Hydro ASA","NHY","2020-04-29T06:59:06.76+02:00"
"753","Nordea Bank Abp","NDA","2020-04-29T06:30:39.193+02:00"
"754","Nordea Bank Abp","NDA","2020-04-29T06:30:38.817+02:00"
"755","SpareBank 1 Næringskreditt AS","SBNK","2020-04-28T15:50:31.777+02:00"
"756","SpareBank 1 Boligkreditt","SPBKR","2020-04-28T15:47:42.2+02:00"
"757","Totens Sparebank Boligkreditt AS","TSBK","2020-04-28T12:55:13.07+02:00"
"758","AKVA group ASA","AKVA","2020-04-28T12:45:42.603+02:00"
"759","Totens Sparebank","TOTG","2020-04-28T12:44:28.973+02:00"
"760","Helgeland Boligkreditt AS","HEBK","2020-04-28T12:14:46.423+02:00"
"761","ABG Sundal Collier Holding ASA","ASC","2020-04-28T08:00:00+02:00"
"762","Carasent ASA","CARA","2020-04-28T08:00:00+02:00"
"763","Akastor ASA","AKA","2020-04-28T07:00:19.177+02:00"
"764","OKEA ASA","OKEA","2020-04-28T07:00:18.663+02:00"
"765","TietoEVRY Oyj","TIETOO","2020-04-28T07:00:12.363+02:00"
"766","Telenor ASA","TEL","2020-04-28T07:00:00+02:00"
"767","Telenor ASA","TEL","2020-04-28T07:00:00+02:00"
"768","Eiendomskreditt AS","EIKR","2020-04-27T13:18:06.697+02:00"
"769","AB Stena Metall Finans","SMF","2020-04-27T08:30:00+02:00"
"770","Kværner ASA","KVAER","2020-04-27T07:00:02.86+02:00"
"771","Kværner ASA","KVAER","2020-04-27T07:00:02.827+02:00"
"772","Kredittforeningen for Sparebanker","KFS","2020-04-24T15:17:17.553+02:00"
"773","Medistim ASA","MEDI","2020-04-24T10:53:17.717+02:00"
"774","Scatec Solar ASA","SSO","2020-04-24T10:06:47.793+02:00"
"775","Gentian Diagnostics AS","GENT-ME","2020-04-24T07:00:00+02:00"
"776","Lerøy Seafood Group ASA","LSG","2020-04-23T21:46:24.753+02:00"
"777","Austevoll Seafood ASA","AUSS","2020-04-23T17:45:00+02:00"
"778","Austevoll Seafood ASA","AUSS","2020-04-23T17:45:00+02:00"
"779","Lerøy Seafood Group ASA","LSG","2020-04-23T17:30:01.823+02:00"
"780","Lerøy Seafood Group ASA","LSG","2020-04-23T17:30:01.807+02:00"
"781","Arcus ASA","ARCUS","2020-04-23T15:19:03.33+02:00"
"782","Q-Free ASA","QFR","2020-04-23T13:57:45.707+02:00"
"783","Lillesands Sparebank","LISB","2020-04-23T08:32:34.933+02:00"
"784","Yara International ASA","YAR","2020-04-23T08:00:15.853+02:00"
"785","Yara International ASA","YAR","2020-04-23T08:00:15.227+02:00"
"786","PGS ASA","PGS","2020-04-23T08:00:07.197+02:00"
"787","ContextVision AB","COV","2020-04-23T08:00:04.663+02:00"
"788","ContextVision AB","COV","2020-04-23T08:00:03.927+02:00"
"789","Kongsberg Automotive ASA","KOA","2020-04-23T07:29:33.283+02:00"
"790","Europris ASA","EPR","2020-04-23T06:59:37.677+02:00"
"791","ArcticZymes Technologies ASA","AZT","2020-04-23T06:59:18.52+02:00"
"792","ArcticZymes Technologies ASA","AZT","2020-04-23T06:59:16.583+02:00"
"793","Polarcus Limited","PLCS","2020-04-23T06:58:58.613+02:00"
"794","Nordic Mining ASA","NOM","2020-04-22T17:39:11.277+02:00"
"795","Pareto Bank ASA","PARB","2020-04-22T12:24:47.453+02:00"
"796","Pareto Bank ASA","PARB","2020-04-22T12:24:47.407+02:00"
"797","Yara International ASA","YAR","2020-04-22T08:00:01.62+02:00"
"798","Yara International ASA","YAR","2020-04-22T08:00:01.587+02:00"
"799","Atea ASA","ATEA","2020-04-22T07:00:18.497+02:00"
"800","Gjensidige Forsikring ASA","GJF","2020-04-22T07:00:16.077+02:00"
"801","Gjensidige Forsikring ASA","GJF","2020-04-22T07:00:15.233+02:00"
"802","SVENSKA HANDELSBANKEN AB","SHB","2020-04-22T07:00:12.56+02:00"
"803","Gjensidige Pensjonsforsikring AS","GJEPF","2020-04-22T07:00:11.78+02:00"
"804","Axactor SE","AXA","2020-04-21T07:00:00+02:00"
"805","EAM Solar ASA","EAM","2020-04-21T07:00:00+02:00"
"806","Nordic Semiconductor ASA","NOD","2020-04-21T07:00:00+02:00"
"807","Axactor SE","AXA","2020-04-17T10:39:00.09+02:00"
"808","Yara International ASA","YAR","2020-04-17T08:00:01.787+02:00"
"809","Yara International ASA","YAR","2020-04-17T08:00:01.57+02:00"
"810","Orkla ASA","ORK","2020-04-17T07:00:02.187+02:00"
"811","Orkla ASA","ORK","2020-04-17T07:00:02.123+02:00"
"812","Orkla ASA","ORK","2020-04-17T07:00:02.107+02:00"
"813","Orkla ASA","ORK","2020-04-17T07:00:02.093+02:00"
"814","Stolt-Nielsen Limited","SNI","2020-04-16T08:30:02.053+02:00"
"815","Lerøy Seafood Group ASA","LSG","2020-04-06T08:29:09.743+02:00"
"816","Lerøy Seafood Group ASA","LSG","2020-04-06T08:29:09.727+02:00"
"817","Eidsiva Energi AS","EIEN","2020-04-03T14:40:04.733+02:00"
"818","Navigator Holdings Ltd","NAVIG","2020-04-02T22:12:38.907+02:00"
"819","Navigator Holdings Ltd","NAVIG","2020-04-02T22:12:02.627+02:00"
"820","Treasure ASA","TRE","2020-04-01T19:11:52.347+02:00"
"821","SpareBank 1 Nordvest","SNOR","2020-04-01T18:55:24.573+02:00"
"822","Treasure ASA","TRE","2020-04-01T16:30:00+02:00"
"823","SoftOx Solutions AS","SOFTOX-ME","2020-03-31T20:40:59.12+02:00"
"824","SoftOx Solutions AS","SOFTOX-ME","2020-03-31T20:09:04.103+02:00"
"825","DNO North Sea plc","FAPE","2020-03-31T09:13:06.613+02:00"
"826","Scana ASA","SCANA","2020-03-30T15:23:58.72+02:00"
"827","Eagle Bulk Shipco LLC","EBS","2020-03-27T21:03:49.56+01:00"
"828","Altera Shuttle Tankers LLC","AST","2020-03-27T20:12:26.75+01:00"
"829","AKA AS","AKAAS","2020-03-26T20:53:01.71+01:00"
"830","Ocean Yield ASA","OCY","2020-03-26T19:05:29.46+01:00"
"831","Sogn Sparebank","SOGN","2020-03-25T17:00:06.367+01:00"
"832","SpareBank 1 Nordvest","SNOR","2020-03-24T14:53:17.66+01:00"
"833","SpareBank 1 BV","SBVG","2020-03-24T10:00:27.653+01:00"
"834","Goodtech ASA","GOD","2020-03-19T17:02:52.173+01:00"
"835","Medistim ASA","MEDI","2020-03-19T08:00:00+01:00"
"836","Sandnes Sparebank","SADG","2020-03-18T12:49:13.017+01:00"
"837","Totens Sparebank","TOTG","2020-03-17T16:34:22.84+01:00"
"838","SpareBank 1 Ringerike Hadeland","RING","2020-03-16T19:00:00+01:00"
"839","Bulk Industrier AS","BUIN","2020-03-16T09:00:00+01:00"
"840","Clemens Kraftverk AS","CLKR","2020-03-12T16:20:38.14+01:00"
"841","Clemens Kraftverk AS","CLKR","2020-03-12T16:20:37.953+01:00"
"842","Olympic Subsea ASA","OLSU","2020-03-12T15:30:00+01:00"
"843","Olympic Subsea ASA","OLSU","2020-03-12T15:30:00+01:00"
"844","Glitre Energi AS","GLITRE","2020-03-12T12:11:17.21+01:00"
"845","Akershus Energi AS","NYSK","2020-03-12T08:00:00+01:00"
"846","Targovax ASA","TRVX","2020-03-11T07:00:17.027+01:00"
"847","NEL ASA","NEL","2020-03-05T07:00:18.66+01:00"
"848","Jæren Sparebank","JAEREN","2020-03-04T18:03:25.293+01:00"
"849","Targovax ASA","TRVX","2020-03-03T07:00:09.517+01:00"
"850","Shelf Drilling, Ltd.","SHLF","2020-03-02T07:22:44.413+01:00"
"851","Orkla ASA","ORK","2020-09-24T21:00:14.921+02:00"
"852","Orkla ASA","ORK","2020-09-24T21:00:14.89+02:00"
"853","ayfie Group AS","AYFIE-ME","2020-09-24T06:00:00Z"
"854","5th Planet Games A/S","FIVEPG","2020-09-18T07:44:03.646+02:00"
"855","Cloudberry Clean Energy AS","CLOUD-ME","2020-09-16T05:00:00Z"
"856","Mercell Holding AS","MRCEL-ME","2020-09-15T05:00:00Z"
"857","Bluewater Holding B.V.","BLH","2020-09-14T15:26:59.073+02:00"
"858","Care Bidco AS","CARE","2020-09-14T09:35:54.612+02:00"
"859","Care Bidco AS","CARE","2020-09-10T20:03:16.412+02:00"
"860","Sikri Holding AS","SIKRI-ME","2020-09-10T05:30:00Z"
"861","Clemens Kraftverk AS","CLKR","2020-09-09T09:57:11.372+02:00"
"862","Clemens Kraftverk AS","CLKR","2020-09-09T09:57:11.308+02:00"
"863","Clemens Kraftverk AS","CLKR","2020-09-09T09:55:15.192+02:00"
"864","Clemens Kraftverk AS","CLKR","2020-09-09T09:54:35.71+02:00"
"865","Clemens Kraftverk AS","CLKR","2020-09-09T09:54:35.598+02:00"
"866","Eagle Bulk Shipco LLC","EBS","2020-09-02T14:23:52.52+02:00"
"867","Andfjord Salmon AS","ANDF-ME","2020-09-02T08:00:38.151+02:00"
"868","Andfjord Salmon AS","ANDF-ME","2020-09-02T08:00:38.028+02:00"
"869","Lifecare AS","LIFE-ME","2020-09-01T13:30:00Z"
"870","Lifecare AS","LIFE-ME","2020-09-01T13:30:00Z"
"871","Østfold Energi AS","OSEN","2020-09-01T08:55:11.351+02:00"
"872","Holmetjern Invest AS","HOLMIN","2020-08-31T20:37:00Z"
"873","Ice Fish Farm AS","IFISH-ME","2020-08-31T19:00:00Z"
"874","Ice Fish Farm AS","IFISH-ME","2020-08-31T19:00:00Z"
"875","NTS ASA","NTS","2020-08-31T19:00:00Z"
"876","Atlantic Petroleum P/F","ATLA NOK","2020-08-31T19:42:20.633+02:00"
"877","Sunnhordland Kraftlag AS","SKL","2020-08-31T18:53:48.619+02:00"
"878","CentralNic Group Plc","CNIC","2020-08-31T18:50:26.675+02:00"
"879","Ørland Sparebank","ORLSB","2020-08-31T18:18:15.26+02:00"
"880","Solstad Offshore ASA","SOFF","2020-08-31T17:16:19.448+02:00"
"881","Siem Industries Inc.","SIEIN","2020-08-31T15:56:33.026+02:00"
"882","Steen & Strøm AS","SST","2020-08-31T15:54:36.973+02:00"
"883","Sand Hill Petroleum BV","SAHI","2020-08-31T15:07:35.889+02:00"
"884","Thon Holding AS","THOL","2020-08-31T11:00:00Z"
"885","Vegamot AS","TRBO","2020-08-31T09:57:33.872+02:00"
"886","GLX Holding","GLX","2020-08-31T08:50:03.674+02:00"
"887","MPC Container Ships ASA","MPCC","2020-08-31T08:00:18.145+02:00"
"888","MPC Container Ships Invest B.V.","MPCBV","2020-08-31T08:00:18.02+02:00"
"889","A/S Eidefoss","EIDEF","2020-08-31T07:54:12.59+02:00"
"890","North Energy ASA","NORTH","2020-08-31T07:30:06.245+02:00"
"891","Element ASA","ELE","2020-08-31T05:30:00Z"
"892","PetroNor E&P Limited","PNOR","2020-08-31T05:00:00Z"
"893","Fossberg Kraft Produksjon AS","FOKR","2020-08-29T12:28:50.683+02:00"
"894","Interoil Exploration and Prod. ASA","IOX","2020-08-28T21:48:47.708+02:00"
"895","AS Green Cube Innovations","agci","2020-08-28T20:55:00.122+02:00"
"896","Jacktel AS","JACKT","2020-08-28T16:56:00.191+02:00"
"897","Boa Offshore AS","BOAO","2020-08-28T14:31:00Z"
"898","BOA OCV AS","BOA","2020-08-28T14:31:00Z"
"899","Altera Shuttle Tankers LLC","AST","2020-08-28T14:30:00Z"
"900","Vardar AS","VARD","2020-08-28T15:26:34.134+02:00"
"901","Songa Container AS","SCT","2020-08-28T14:21:29.765+02:00"
"902","Ringerikskraft AS","RNGK","2020-08-28T12:00:00Z"
"903","Havyard Group ASA","HYARD","2020-08-28T13:55:29.174+02:00"
"904","Havyard Group ASA","HYARD","2020-08-28T13:55:29.06+02:00"
"905","BNP Paribas Leasing Solutions AS","LANDKF","2020-08-28T12:44:02.043+02:00"
"906","DigiPlex Norway Holding 2 AS","DPNH","2020-08-28T10:00:00Z"
"907","Bluewater Holding B.V.","BLH","2020-08-28T11:57:55.93+02:00"
"908","Baltic Sea Properties AS","BALT-ME","2020-08-28T11:43:56.981+02:00"
"909","DNO North Sea plc","FAPE","2020-08-28T11:18:38.393+02:00"
"910","Småkraft AS","SMAKR","2020-08-28T10:58:22.208+02:00"
"911","Småkraft AS","SMAKR","2020-08-28T10:58:22.171+02:00"
"912","Ice Fish Farm AS","IFISH-ME","2020-08-28T09:44:36.862+02:00"
"913","Mime Petroleum AS","MIME","2020-08-28T08:51:52.781+02:00"
"914","Mime Petroleum AS","MIME","2020-08-28T08:51:18.805+02:00"
"915","Glitre Energi AS","GLITRE","2020-08-28T08:33:06.906+02:00"
"916","Hafnia Limited","HAFNIA","2020-08-28T08:30:51.715+02:00"
"917","Northern Ocean Ltd.","NOL","2020-08-28T06:30:00Z"
"918","Northern Drilling Ltd.","NODL","2020-08-28T06:30:00Z"
"919","Gyldendal ASA","GYL","2020-08-28T06:30:00Z"
"920","Posten Norge AS","POSTEN","2020-08-28T06:30:00Z"
"921","Posten Norge AS","POSTEN","2020-08-28T06:30:00Z"
"922","Borr Drilling Limited","BDRILL","2020-08-28T08:00:15.734+02:00"
"923","Hofseth BioCare ASA","HBC","2020-08-28T08:00:03.606+02:00"
"924","Atlantic Sapphire ASA","ASA","2020-08-28T06:00:00Z"
"925","Aega ASA","AEGA","2020-08-28T06:00:00Z"
"926","Tensio AS","TEN","2020-08-28T06:00:00Z"
"927","Arribatec Solutions ASA","ARR","2020-08-28T06:00:00Z"
"928","Vistin Pharma ASA","VISTIN","2020-08-28T07:30:02.952+02:00"
"929","AWILCO LNG ASA","ALNG","2020-08-28T05:30:00Z"
"930","Akershus Energi AS","NYSK","2020-08-28T07:23:46.742+02:00"
"931","Insr Insurance Group ASA","INSR","2020-08-28T07:00:22.635+02:00"
"932","TrønderEnergi AS","TROEN","2020-08-28T05:00:00Z"
"933","Norwegian Air Shuttle ASA","NAS","2020-08-28T05:00:00Z"
"934","ADS Crude Carriers Plc","ADSC-ME","2020-08-28T04:55:00Z"
"935","Teekay LNG Partners L.P.","TKLNG","2020-08-28T03:16:41.853+02:00"
"936","Teekay LNG Partners L.P.","TKLNG","2020-08-28T03:12:18.778+02:00"
"937","RomReal Ltd.","ROM","2020-08-27T21:00:02.564+02:00"
"938","ML 33 Holding AS","ML33H","2020-08-27T19:15:11.472+02:00"
"939","ML 33 Holding AS","ML33H","2020-08-27T19:15:11.425+02:00"
"940","Havyard Group ASA","HYARD","2020-08-27T17:36:09.169+02:00"
"941","Havyard Group ASA","HYARD","2020-08-27T17:36:09.152+02:00"
"942","Explorer II AS","EXPLO","2020-08-27T17:24:55.846+02:00"
"943","Petrolia SE","PSE","2020-08-27T16:57:34.343+02:00"
"944","Tafjord Kraft AS","TAK","2020-08-27T16:48:05.109+02:00"
"945","Storm Real Estate ASA","STORM","2020-08-27T14:35:00Z"
"946","Storm Real Estate ASA","STORM","2020-08-27T14:35:00Z"
"947","Ziton A/S","ZITON","2020-08-27T13:45:00Z"
"948","BKK AS","BKK","2020-08-27T14:46:52.72+02:00"
"949","Grong Sparebank","GRONG-ME","2020-08-27T14:25:53.648+02:00"
"950","Frontline Ltd.","FRO","2020-08-27T14:04:29.475+02:00"
"951","Lyse AS","LYSE","2020-08-27T13:48:34.165+02:00"
"952","Byggma ASA","BMA","2020-08-27T12:20:41.387+02:00"
"953","Ekornes QM Holding AS","EKO","2020-08-27T12:01:03.117+02:00"
"954","NorgesGruppen ASA","NORG","2020-08-27T11:27:35.144+02:00"
"955","Tulip Oil Netherlands Offshore B.V","TUON","2020-08-27T11:05:00.313+02:00"
"956","Oceanteam ASA","OTS","2020-08-27T10:13:46.291+02:00"
"957","Zwipe AS","ZWIPE-ME","2020-08-27T09:40:24.665+02:00"
"958","Ice Group Scandinavia Holdings AS","IGSH","2020-08-27T08:40:29.735+02:00"
"959","East Renewable AB","EARE","2020-08-27T08:33:42.987+02:00"
"960","East Renewable AB","EARE","2020-08-27T08:33:25.661+02:00"
"961","Endúr ASA","ENDUR","2020-08-27T08:26:52.703+02:00"
"962","Endúr ASA","ENDUR","2020-08-27T08:26:52.626+02:00"
"963","BW LPG Limited","BWLPG","2020-08-27T08:03:02.262+02:00"
"964","Odfjell Drilling Ltd","ODL","2020-08-27T08:00:39.665+02:00"
"965","Zwipe AS","ZWIPE-ME","2020-08-27T08:00:26.851+02:00"
"966","Odfjell Drilling Ltd","ODL","2020-08-27T08:00:05.934+02:00"
"967","Quantafuel ASA","QFUEL-ME","2020-08-27T06:00:00Z"
"968","Siem Offshore Inc.","SIOFF","2020-08-27T07:53:32.925+02:00"
"969","Frontline Ltd.","FRO","2020-08-27T07:30:32.285+02:00"
"970","Panoro Energy ASA","PEN","2020-08-27T07:30:27.049+02:00"
"971","Panoro Energy ASA","PEN","2020-08-27T07:30:26.924+02:00"
"972","Hunter Group ASA","HUNT","2020-08-27T07:30:11.827+02:00"
"973","BW Offshore Limited","BWO","2020-08-27T07:30:05.512+02:00"
"974","Nordic Nanovector ASA","NANO","2020-08-27T07:01:13.059+02:00"
"975","Nordic Nanovector ASA","NANO","2020-08-27T07:00:13.346+02:00"
"976","Polaris Media ASA","POL","2020-08-27T05:00:00Z"
"977","SalMar ASA","SALM","2020-08-27T06:30:04.651+02:00"
"978","SalMar ASA","SALM","2020-08-27T06:30:04.386+02:00"
"979","AqualisBraemar ASA","AQUA","2020-08-27T04:00:00Z"
"980","Team Tankers International Ltd.","TEAM","2020-08-27T00:05:01.954+02:00"
"981","TEMPTON Personaldienstleistungen","TEMP","2020-08-26T18:05:00Z"
"982","Eidesvik Offshore ASA","EIOF","2020-08-26T15:00:00Z"
"983","TiZir Limited","TIZ","2020-08-26T14:00:00Z"
"984","Color Group AS","COLG","2020-08-26T13:00:00Z"
"985","Color Group AS","COLG","2020-08-26T13:00:00Z"
"986","NTS ASA","NTS","2020-08-26T13:14:48.068+02:00"
"987","Avinor AS","AVINOR","2020-08-26T10:21:01.417+02:00"
"988","Avinor AS","AVINOR","2020-08-26T10:21:01.158+02:00"
"989","Nortura Konsernpensjonskasse","NORTKP","2020-08-26T08:30:37.244+02:00"
"990","KISTEFOS AS","KIST","2020-08-26T08:17:30.715+02:00"
"991","KISTEFOS AS","KIST","2020-08-26T08:17:30.699+02:00"
"992","Avance Gas Holding Ltd","AVANCE","2020-08-26T08:00:04.414+02:00"
"993","Vow ASA","VOW","2020-08-26T08:00:03.742+02:00"
"994","Vow ASA","VOW","2020-08-26T08:00:03.523+02:00"
"995","Aqua Bio Technology ASA","ABT","2020-08-26T08:00:02.552+02:00"
"996","Aqua Bio Technology ASA","ABT","2020-08-26T08:00:02.474+02:00"
"997","Solon Eiendom ASA","SOLON","2020-08-26T06:00:00Z"
"998","Sogn og Fjordane Energi AS","SFEN","2020-08-26T05:30:00Z"
"999","Multiconsult ASA","MULTI","2020-08-26T07:00:41.277+02:00"
"1000","NEL ASA","NEL","2020-08-26T07:00:24.4+02:00"
"1001","Webstep ASA","WSTEP","2020-08-26T07:00:23.072+02:00"
"1002","BW Energy Limited","BWE","2020-08-26T07:00:04.6+02:00"
"1003","PCI Biotech Holding ASA","PCIB","2020-08-26T07:00:04.225+02:00"
"1004","Mowi ASA","MOWI","2020-08-26T06:30:07.655+02:00"
"1005","Mowi ASA","MOWI","2020-08-26T06:30:06.763+02:00"
"1006","First Mover Group Holding AS","FMGH","2020-08-25T17:50:15.445+02:00"
"1007","Havila Shipping ASA","HAVI","2020-08-25T15:37:07.167+02:00"
"1008","Havila Shipping ASA","HAVI","2020-08-25T15:37:07.074+02:00"
"1009","Jacob Holm & Sønner Holding A/S","JAHO","2020-08-25T11:32:31.391+02:00"
"1010","Jinhui Shipping and Transport. Ltd","JIN","2020-08-25T08:53:50.426+02:00"
"1011","Magnora ASA","MGN","2020-08-25T06:00:00Z"
"1012","Reach Subsea ASA","REACH","2020-08-25T05:30:00Z"
"1013","S.D. Standard Drilling Plc","SDSD","2020-08-25T05:15:00Z"
"1014","Itera ASA","ITE","2020-08-25T05:15:00Z"
"1015","Itera ASA","ITE","2020-08-25T05:15:00Z"
"1016","Floatel International Ltd","FLOAT","2020-08-25T07:14:34.046+02:00"
"1017","Bouvet ASA","BOUVET","2020-08-25T05:00:00Z"
"1018","Bouvet ASA","BOUVET","2020-08-25T05:00:00Z"
"1019","Magseis Fairfield ASA","MSEIS","2020-08-25T05:00:00Z"
"1020","Norway Royal Salmon ASA","NRS","2020-08-25T06:28:20.608+02:00"
"1021","Norway Royal Salmon ASA","NRS","2020-08-25T06:28:20.593+02:00"
"1022","Jinhui Shipping and Transport. Ltd","JIN","2020-08-25T06:10:19.241+02:00"
"1023","Bakkafrost P/f","BAKKA","2020-08-25T06:00:38.342+02:00"
"1024","Hospitality Invest AS","HOIN","2020-08-24T17:51:04.122+02:00"
"1025","GC Rieber Shipping ASA","RISH","2020-08-24T17:27:56.666+02:00"
"1026","Bjugn Sparebank","BJSP","2020-08-24T10:16:52.018+02:00"
"1027","OBOS Eiendom AS","OBFB","2020-08-24T05:55:00Z"
"1028","Insr Insurance Group ASA","INSR","2020-08-21T14:54:49.367+02:00"
"1029","Grong Sparebank","GRONG-ME","2020-08-21T14:40:15.492+02:00"
"1030","Beerenberg AS","BBERG","2020-08-21T14:20:17.493+02:00"
"1031","Scana ASA","SCANA","2020-08-21T06:35:00Z"
"1032","AF Gruppen ASA","AFG","2020-08-21T06:15:00Z"
"1033","AF Gruppen ASA","AFG","2020-08-21T06:15:00Z"
"1034","DOF ASA","DOF","2020-08-21T08:00:08.081+02:00"
"1035","American Shipping Company ASA","AMSC","2020-08-21T08:00:07.05+02:00"
"1036","Borgestad ASA","BOR","2020-08-21T06:00:00Z"
"1037","Norlandia Health & Care Group AS","NHC","2020-08-21T06:00:00Z"
"1038","Siccar Point Energy Bonds plc","SPEB","2020-08-21T06:00:00Z"
"1039","Ultimovacs ASA","ULTIMO","2020-08-21T06:00:00Z"
"1040","DOF Subsea AS","DOFSUB","2020-08-21T06:00:00Z"
"1041","Gentian Diagnostics AS","GENT-ME","2020-08-21T06:00:00Z"
"1042","Saga Tankers ASA","SAGA","2020-08-21T07:15:02.964+02:00"
"1043","Norwegian Energy Company ASA","NOR","2020-08-21T07:00:32.488+02:00"
"1044","poLight ASA","PLT","2020-08-21T07:00:30.784+02:00"
"1045","Techstep ASA","TECH","2020-08-21T07:00:21.891+02:00"
"1046","Techstep ASA","TECH","2020-08-21T07:00:21.657+02:00"
"1047","Infront ASA","INFRNT","2020-08-21T05:00:00Z"
"1048","AF Gruppen ASA","AFG","2020-08-21T05:00:00Z"
"1049","AF Gruppen ASA","AFG","2020-08-21T05:00:00Z"
"1050","Belships ASA","BEL","2020-08-21T06:12:08.189+02:00"
"1051","Nekkar ASA","NKR","2020-08-20T22:29:31.698+02:00"
"1052","Ørskog Sparebank","ORSP","2020-08-20T21:01:51.585+02:00"
"1053","Statnett SF","STANE","2020-08-20T19:12:48.509+02:00"
"1054","Statnett SF","STANE","2020-08-20T19:12:48.235+02:00"
"1055","Chembulk Holding LLC","CHHO","2020-08-20T18:34:35.853+02:00"
"1056","Salmones Camanchaca S.A.","SALMON","2020-08-20T14:00:18.855+02:00"
"1057","Fredrikstad Energi AS","FEAS","2020-08-20T10:37:00Z"
"1058","Nord-Trøndelag Elektrisitetsverk","NTE","2020-08-20T12:24:04.591+02:00"
"1059","Rem Saltire AS","EFOR","2020-08-20T10:47:15.694+02:00"
"1060","Rem Saltire AS","EFOR","2020-08-20T10:47:15.624+02:00"
"1061","Itera ASA","ITE","2020-08-20T09:54:06.391+02:00"
"1062","Itera ASA","ITE","2020-08-20T09:54:06.196+02:00"
"1063","Arendals Fossekompani ASA","AFK","2020-08-20T08:02:19.844+02:00"
"1064","Kid ASA","KID","2020-08-20T07:30:17.079+02:00"
"1065","Kahoot! AS","KAHOOT-ME","2020-08-20T07:23:07.221+02:00"
"1066","Odfjell SE","ODF","2020-08-20T07:00:21.55+02:00"
"1067","Odfjell SE","ODF","2020-08-20T07:00:21.16+02:00"
"1068","Targovax ASA","TRVX","2020-08-20T07:00:17.284+02:00"
"1069","Otello Corporation ASA","OTELLO","2020-08-20T07:00:16.377+02:00"
"1070","Navamedic ASA","NAVA","2020-08-20T07:00:15.596+02:00"
"1071","Navamedic ASA","NAVA","2020-08-20T07:00:14.987+02:00"
"1072","Thin Film Electronics ASA","THIN","2020-08-20T07:00:01.985+02:00"
"1073","Austevoll Seafood ASA","AUSS","2020-08-20T05:00:00Z"
"1074","Austevoll Seafood ASA","AUSS","2020-08-20T05:00:00Z"
"1075","B2Holding ASA","B2H","2020-08-20T05:00:00Z"
"1076","Fjordkraft Holding ASA","FKRAFT","2020-08-20T05:00:00Z"
"1077","Fjordkraft Holding ASA","FKRAFT","2020-08-20T05:00:00Z"
"1078","Prosafe SE","PRS","2020-08-20T06:59:03.161+02:00"
"1079","Lerøy Seafood Group ASA","LSG","2020-08-20T06:30:05.602+02:00"
"1080","Lerøy Seafood Group ASA","LSG","2020-08-20T06:30:05.477+02:00"
"1081","Eiendomsspar AS","EISP","2020-08-19T21:00:00.743+02:00"
"1082","Wilh. Wilhelmsen Holding ASA","WWI","2020-08-19T16:00:00Z"
"1083","Genel Energy Finance 2 Limited","GENEL","2020-08-19T16:35:01.568+02:00"
"1084","Genel Energy Finance 2 Limited","GENEL","2020-08-19T16:34:50.457+02:00"
"1085","Bouvet ASA","BOUVET","2020-08-19T15:11:58.048+02:00"
"1086","Bouvet ASA","BOUVET","2020-08-19T15:11:57.854+02:00"
"1087","Helgeland Kraft AS","HELK","2020-08-19T13:07:04.938+02:00"
"1088","Agder Energi AS","AEN","2020-08-19T11:46:26.59+02:00"
"1089","PCI Biotech Holding ASA","PCIB","2020-08-19T09:21:07.308+02:00"
"1090","Heimstaden Bostad AB","HEIMB","2020-08-19T09:00:24.601+02:00"
"1091","Fjord1 ASA","FJORD","2020-08-19T06:00:00Z"
"1092","Fjord1 ASA","FJORD","2020-08-19T06:00:00Z"
"1093","FLEX LNG LTD","FLNG","2020-08-19T05:05:00Z"
"1094","NRC Group ASA","NRC","2020-08-19T07:00:39.388+02:00"
"1095","ArcticZymes Technologies ASA","AZT","2020-08-19T07:00:23.696+02:00"
"1096","ArcticZymes Technologies ASA","AZT","2020-08-19T07:00:17.18+02:00"
"1097","Axxis Geo Solutions ASA","AGS","2020-08-19T05:00:00Z"
"1098","Klaveness Combination Carriers ASA","KCC","2020-08-19T05:00:00Z"
"1099","FLEX LNG LTD","FLNG","2020-08-19T05:00:00Z"
"1100","Wallenius Wilhelmsen ASA","WALWIL","2020-08-18T18:06:17.834+02:00"
"1101","OBOS BBL","OBOS","2020-08-18T18:05:30.359+02:00"
"1102","OTIGA Group AS","OTIG","2020-08-18T16:45:14.843+02:00"
"1103","Jernbanepersonalets Sparebank","JESB","2020-08-18T14:27:37.267+02:00"
"1104","Golden Ocean Group Limited","GOGL","2020-08-18T12:41:37.604+02:00"
"1105","SFL Corporation Ltd.","SFLN","2020-08-18T12:28:29.225+02:00"
"1106","Navigator Holdings Ltd","NAVIG","2020-08-18T12:17:05.689+02:00"
"1107","Navigator Holdings Ltd","NAVIG","2020-08-18T12:16:08.674+02:00"
"1108","Austevoll Seafood ASA","AUSS","2020-08-18T09:30:17.844+02:00"
"1109","Austevoll Seafood ASA","AUSS","2020-08-18T09:30:17.813+02:00"
"1110","BidCo RelyOn Nutec A/S","BIDCR","2020-08-18T09:24:04.234+02:00"
"1111","Observe Medical ASA","OBSERV","2020-08-18T09:13:18.44+02:00"
"1112","Altera Shuttle Tankers LLC","AST","2020-08-18T06:30:00Z"
"1113","Nordic Mining ASA","NOM","2020-08-18T08:05:10.094+02:00"
"1114","Golden Ocean Group Limited","GOGL","2020-08-18T08:02:28.035+02:00"
"1115","Zalaris ASA","ZAL","2020-08-18T07:03:22.307+02:00"
"1116","BerGenBio ASA","BGBIO","2020-08-18T07:02:24.233+02:00"
"1117","Selvaag Bolig ASA","SBO","2020-08-18T07:00:26.93+02:00"
"1118","Selvaag Bolig ASA","SBO","2020-08-18T07:00:26.867+02:00"
"1119","Self Storage Group ASA","SSG","2020-08-18T07:00:14.146+02:00"
"1120","Photocure ASA","PHO","2020-08-18T07:00:08.847+02:00"
"1121","Ice Group ASA","ICE","2020-08-18T07:00:06.831+02:00"
"1122","NEXT Biometrics Group ASA","NEXT","2020-08-18T05:00:00Z"
"1123","EAM Solar ASA","EAM","2020-08-18T05:00:00Z"
"1124","Arcus ASA","ARCUS","2020-08-18T06:50:15.604+02:00"
"1125","Grieg Seafood ASA","GSF","2020-08-18T06:00:10.741+02:00"
"1126","Infront ASA","INFRNT","2020-08-17T16:29:10.415+02:00"
"1127","Treasure ASA","TRE","2020-08-17T11:20:00Z"
"1128","AF Gruppen ASA","AFG","2020-08-17T08:00:00Z"
"1129","AF Gruppen ASA","AFG","2020-08-17T08:00:00Z"
"1130","RAK Petroleum plc","RAKP","2020-08-17T05:33:54.811+02:00"
"1131","Lerøy Seafood Group ASA","LSG","2020-08-14T16:16:52.727+02:00"
"1132","Lerøy Seafood Group ASA","LSG","2020-08-14T16:16:52.711+02:00"
"1133","Haltdalen Sparebank","HDSB","2020-08-14T15:14:18.909+02:00"
"1134","Sparebanken Sør","SOR","2020-08-14T15:01:49.675+02:00"
"1135","EAM Solar ASA","EAM","2020-08-14T14:16:02.154+02:00"
"1136","Odfjell SE","ODF","2020-08-14T13:40:09.945+02:00"
"1137","Odfjell SE","ODF","2020-08-14T13:40:09.929+02:00"
"1138","Sparebank 68 grader nord","HARSB","2020-08-14T13:38:26.207+02:00"
"1139","Sparebanken Narvik","NASB","2020-08-14T11:30:00Z"
"1140","Hjartdal og Gransherad Sparebank","HJGSB","2020-08-14T13:07:44.835+02:00"
"1141","Valle Sparebank","VASB","2020-08-14T12:57:43.157+02:00"
"1142","Luster Sparebank","LUSB","2020-08-14T12:45:27.178+02:00"
"1143","Hafslund E-CO AS","ECEN","2020-08-14T12:09:18.361+02:00"
"1144","Hafslund E-CO AS","ECEN","2020-08-14T12:09:18.346+02:00"
"1145","Tinn Sparebank","TNSB","2020-08-14T11:45:47.871+02:00"
"1146","Nidaros Sparebank","NISB-ME","2020-08-14T11:22:34.149+02:00"
"1147","Drangedal Sparebank","DTSB","2020-08-14T11:17:18.815+02:00"
"1148","SpareBank 1 Østfold Akershus","SOAG","2020-08-14T10:52:47.054+02:00"
"1149","Sparebanken Din","SBDIN","2020-08-14T10:36:23.27+02:00"
"1150","Navig8 Topco Holdings INC","NAVTO","2020-08-14T10:23:53.67+02:00"
"1151","Lillesands Sparebank","LISB","2020-08-14T10:05:38.513+02:00"
"1152","Felleskjøpet Agri SA","FKOV","2020-08-14T10:05:15.523+02:00"
"1153","RørosBanken","ROSB","2020-08-14T10:03:35.667+02:00"
"1154","Spar Nord Bank A/S","SPNO","2020-08-14T10:03:07.09+02:00"
"1155","SpareBank 1 Søre Sunnmøre","SBSS","2020-08-14T08:00:00Z"
"1156","Chip Bidco AS","CHBI","2020-08-14T07:00:00Z"
"1157","Chip Bidco AS","CHBI","2020-08-14T07:00:00Z"
"1158","Induct AS","INDUCT-ME","2020-08-14T08:57:28.69+02:00"
"1159","Haugesund Sparebank","HGSB","2020-08-14T08:55:51.266+02:00"
"1160","Pandion Energy AS","PANE","2020-08-14T06:30:00Z"
"1161","Sogn Sparebank","SOGN","2020-08-14T08:14:55.079+02:00"
"1162","Flekkefjord Sparebank","FFSB","2020-08-14T08:14:32.146+02:00"
"1163","Skue Sparebank","SKUE","2020-08-14T08:05:25.324+02:00"
"1164","AKVA group ASA","AKVA","2020-08-14T08:00:06.888+02:00"
"1165","Fjord1 ASA","FJORD","2020-08-14T06:00:00Z"
"1166","Fjord1 ASA","FJORD","2020-08-14T06:00:00Z"
"1167","Sparebanken Sør Boligkreditt AS","SORB","2020-08-14T06:00:00Z"
"1168","Pioneer Property Group ASA","PPG PREF","2020-08-14T06:00:00Z"
"1169","Høland og Setskog Sparebank","HSPG","2020-08-14T06:00:00Z"
"1170","Medistim ASA","MEDI","2020-08-14T05:55:00Z"
"1171","BRAbank ASA","BRA-ME","2020-08-14T07:32:11.748+02:00"
"1172","Olav Thon Eiendomsselskap ASA","OLT","2020-08-14T05:30:00Z"
"1173","Olav Thon Eiendomsselskap ASA","OLT","2020-08-14T05:30:00Z"
"1174","SeaBird Exploration PLC","SBX","2020-08-14T07:19:59.599+02:00"
"1175","Okeanis Eco Tankers Corp.","OET","2020-08-14T05:05:00Z"
"1176","Archer Limited","ARCHER","2020-08-14T07:00:12.002+02:00"
"1177","Surnadal Sparebank","SUSB-ME","2020-08-14T05:00:00Z"
"1178","ETNE SPAREBANK","ETNE","2020-08-14T06:58:02.741+02:00"
"1179","Melhus Sparebank","MELG","2020-08-13T22:33:53.84+02:00"
"1180","Kvinesdal Sparebank","KDSB","2020-08-13T21:14:56.012+02:00"
"1181","Kvinesdal Sparebank","KDSB","2020-08-13T20:59:01.874+02:00"
"1182","Opdals Sparebank","OPSB","2020-08-13T19:17:09.745+02:00"
"1183","Blaker Sparebank","BLSB","2020-08-13T18:44:37.019+02:00"
"1184","OBOS Boligkreditt AS","OBBK","2020-08-13T17:10:42.563+02:00"
"1185","OBOS Boligkreditt AS","OBBK","2020-08-13T17:06:19.976+02:00"
"1186","Sparebanken Sogn og Fjordane","SFSB","2020-08-13T15:00:00Z"
"1187","Sparebanken Sogn og Fjordane","SFSB","2020-08-13T15:00:00Z"
"1188","OBOS-banken AS","OBOSBK","2020-08-13T16:56:54.186+02:00"
"1189","Sunndal Sparebank","SUNSB-ME","2020-08-13T16:43:10.081+02:00"
"1190","Fana Sparebank","FSB","2020-08-13T16:17:33.036+02:00"
"1191","Eika Gruppen AS","EIKA","2020-08-13T16:04:03.651+02:00"
"1192","Aasen Sparebank","AASB-ME","2020-08-13T15:48:43.36+02:00"
"1193","SpareBank 1 Nordvest","SNOR","2020-08-13T15:44:15.837+02:00"
"1194","Strømmen Sparebank","STSB","2020-08-13T15:35:00.115+02:00"
"1195","Eika Gruppen AS","EIKA","2020-08-13T12:00:00Z"
"1196","Eika Forsikring AS","EIKF","2020-08-13T12:00:00Z"
"1197","Bien Sparebank ASA","SBBIG","2020-08-13T13:11:20.537+02:00"
"1198","Totens Sparebank Boligkreditt AS","TSBK","2020-08-13T12:58:04.593+02:00"
"1199","Skue Sparebank","SKUE","2020-08-13T12:21:59.817+02:00"
"1200","Voss Sparebank","VOSSB","2020-08-13T12:13:39.323+02:00"
"1201","Totens Sparebank","TOTG","2020-08-13T12:04:51.462+02:00"
"1202","NRC Group ASA","NRC","2020-08-13T11:51:21.631+02:00"
"1203","Ultimovacs ASA","ULTIMO","2020-08-13T09:00:00Z"
"1204","Eidsiva Energi AS","EIEN","2020-08-13T10:40:57.236+02:00"
"1205","Orkla Sparebank","OSPA","2020-08-13T10:30:09.346+02:00"
"1206","Hemne Sparebank","SBHEMN","2020-08-13T10:03:49.132+02:00"
"1207","SpareBank 1 Ringerike Hadeland","RING","2020-08-13T08:00:00Z"
"1208","Stadsbygd Sparebank","SBSB","2020-08-13T09:46:29.384+02:00"
"1209","Frende Holding AS","FRENDE","2020-08-13T09:44:14.05+02:00"
"1210","Grue Sparebank","GRSB","2020-08-13T09:36:14.738+02:00"
"1211","Skudenes og Aakra Sparebank","SKASB","2020-08-13T07:00:00Z"
"1212","2020 Bulkers Ltd.","2020","2020-08-13T08:29:31.308+02:00"
"1213","Frende Holding AS","FRENDE","2020-08-13T08:18:58.445+02:00"
"1214","SSB Boligkreditt AS","SSBB","2020-08-13T06:05:00Z"
"1215","Shelf Drilling, Ltd.","SHLF","2020-08-13T08:03:35.445+02:00"
"1216","Instabank ASA","INSTA-ME","2020-08-13T08:00:50.346+02:00"
"1217","ContextVision AB","COV","2020-08-13T08:00:02.133+02:00"
"1218","ContextVision AB","COV","2020-08-13T08:00:01.774+02:00"
"1219","Carasent ASA","CARA","2020-08-13T06:00:00Z"
"1220","Sandnes Sparebank","SADG","2020-08-13T06:00:00Z"
"1221","Tysnes Sparebank","TYSB-ME","2020-08-13T06:00:00Z"
"1222","Sparebanken Vest Boligkreditt AS","SBVB","2020-08-13T06:00:00Z"
"1223","Napatech A/S","NAPA","2020-08-13T06:00:00Z"
"1224","Napatech A/S","NAPA","2020-08-13T06:00:00Z"
"1225","Aurskog Sparebank","AURG","2020-08-13T07:56:44.069+02:00"
"1226","IDEX Biometrics ASA","IDEX","2020-08-13T07:56:02.437+02:00"
"1227","BW LPG Limited","BWLPG","2020-08-13T07:53:16.688+02:00"
"1228","Epic Gas Ltd.","EPIC-ME","2020-08-13T07:31:59.578+02:00"
"1229","Jæren Sparebank","JAEREN","2020-08-13T05:30:00Z"
"1230","Veidekke ASA","VEI","2020-08-13T07:00:25.132+02:00"
"1231","Veidekke ASA","VEI","2020-08-13T07:00:25.117+02:00"
"1232","NORBIT ASA","NORBIT","2020-08-13T07:00:06.66+02:00"
"1233","Bank Norwegian AS","BANKN","2020-08-13T07:00:04.254+02:00"
"1234","Norwegian Finans Holding ASA","NOFI","2020-08-13T07:00:04.145+02:00"
"1235","NORBIT ASA","NORBIT","2020-08-13T07:00:01.503+02:00"
"1236","Komplett Bank ASA","KOMP","2020-08-13T05:00:00Z"
"1237","Møre Boligkreditt AS","MOBK","2020-08-13T05:00:00Z"
"1238","Sparebanken Vest","SVEG","2020-08-13T05:00:00Z"
"1239","Sparebanken Vest","SVEG","2020-08-13T05:00:00Z"
"1240","Selbu Sparebank","SELB","2020-08-12T22:15:46.228+02:00"
"1241","Andebu Sparebank","ANSB","2020-08-12T18:28:14.845+02:00"
"1242","Verd Boligkreditt AS","VEBK","2020-08-12T15:46:53.836+02:00"
"1243","SpareBank 1 Modum","MODSB","2020-08-12T15:43:25.799+02:00"
"1244","SFL Corporation Ltd.","SFLN","2020-08-12T15:19:35.271+02:00"
"1245","SpareBank 1 BV","SBVG","2020-08-12T15:17:36.261+02:00"
"1246","OBOS BBL","OBOS","2020-08-12T15:14:01.783+02:00"
"1247","SØGNE OG GREIPSTAD SPAREBANK","SOGSB","2020-08-12T14:36:18.427+02:00"
"1248","KLP Boligkreditt AS","KLPBK","2020-08-12T14:17:05.34+02:00"
"1249","KLP Boligkreditt AS","KLPBK","2020-08-12T14:17:05.32+02:00"
"1250","KLP Kommunekreditt AS","KLPKK","2020-08-12T14:14:38.675+02:00"
"1251","KLP Kommunekreditt AS","KLPKK","2020-08-12T14:14:38.658+02:00"
"1252","KLP Banken AS","KLPB","2020-08-12T14:12:09.678+02:00"
"1253","KLP Banken AS","KLPB","2020-08-12T14:12:09.652+02:00"
"1254","Selvaag Bolig ASA","SBO","2020-08-12T13:59:29.198+02:00"
"1255","Selvaag Bolig ASA","SBO","2020-08-12T13:57:28.904+02:00"
"1256","Helgeland Sparebank","HELG","2020-08-12T11:50:00Z"
"1257","Bien Sparebank ASA","SBBIG","2020-08-12T11:41:27.158+02:00"
"1258","Grong Sparebank","GRONG-ME","2020-08-12T11:31:19.361+02:00"
"1259","Eika Boligkreditt AS","EIKB","2020-08-12T09:30:00Z"
"1260","Eika Boligkreditt AS","EIKB","2020-08-12T09:30:00Z"
"1261","Fana Sparebank Boligkreditt AS","FSBKR","2020-08-12T11:07:53.667+02:00"
"1262","Kredittforeningen for Sparebanker","KFS","2020-08-12T10:44:37.708+02:00"
"1263","Asetek A/S","ASETEK","2020-08-12T10:12:57.944+02:00"
"1264","Questerre Energy Corporation","QEC","2020-08-12T06:00:00Z"
"1265","DFDS A/S","DFDS","2020-08-12T07:51:08.522+02:00"
"1266","Pexip Holding ASA","PEXIP","2020-08-12T07:34:19.819+02:00"
"1267","SpareBank 1 Nord-Norge","NONG","2020-08-12T07:30:32.158+02:00"
"1268","SpareBank 1 Nord-Norge","NONG","2020-08-12T07:30:32.143+02:00"
"1269","Sparebanken Telemark","SBTE","2020-08-12T05:15:00Z"
"1270","Voss Veksel- og Landmandsbank ASA","VVL","2020-08-12T05:10:00Z"
"1271","Targovax ASA","TRVX","2020-08-12T07:00:13.47+02:00"
"1272","Hexagon Composites ASA","HEX","2020-08-12T07:00:09.562+02:00"
"1273","SpareBank 1 BV","SBVG","2020-08-12T05:00:00Z"
"1274","Hegra Sparebank","HESB","2020-08-11T16:06:02.764+02:00"
"1275","SpareBank 1 Hallingdal Valdres","SBHA","2020-08-11T13:45:00Z"
"1276","Arcus ASA","ARCUS","2020-08-11T14:20:17.345+02:00"
"1277","Eiendomskreditt AS","EIKR","2020-08-11T14:01:34.843+02:00"
"1278","Bustadkreditt Sogn og Fjordane AS","SSFBK","2020-08-11T13:39:47.166+02:00"
"1279","Bustadkreditt Sogn og Fjordane AS","SSFBK","2020-08-11T13:39:46.964+02:00"
"1280","SpareBank 1 SMN","MING","2020-08-11T13:00:07.72+02:00"
"1281","SpareBank 1 SMN","MING","2020-08-11T13:00:07.704+02:00"
"1282","Eksportfinans ASA","EKSPFI","2020-08-11T12:20:14.032+02:00"
"1283","Eksportfinans ASA","EKSPFI","2020-08-11T12:19:31.707+02:00"
"1284","Brage Finans AS","BRFI","2020-08-11T11:53:05.029+02:00"
"1285","Grieg Seafood ASA","GSF","2020-08-11T11:47:54.415+02:00"
"1286","Helgeland Boligkreditt AS","HEBK","2020-08-11T09:20:00Z"
"1287","Rindal Sparebank","RISB","2020-08-11T09:54:33.636+02:00"
"1288","Eidsberg Sparebank","EIDSB","2020-08-11T09:50:55.358+02:00"
"1289","Fornebu Sparebank","FOSB","2020-08-11T08:34:03.809+02:00"
"1290","Askim og Spydeberg Sparebank","ASKSB","2020-08-11T08:13:01.895+02:00"
"1291","Lillestrøm Sparebank","LSTSB-ME","2020-08-11T06:10:00Z"
"1292","Gaming Innovation Group Inc","GIG","2020-08-11T08:05:14.844+02:00"
"1293","Mutares SE & CO KGaA","MTRS","2020-08-11T07:32:07.998+02:00"
"1294","Crayon Group Holding ASA","CRAYON","2020-08-11T05:00:00Z"
"1295","Arendal og Omegns Sparekasse","ARSP","2020-08-10T12:30:19.03+02:00"
"1296","Wilh. Wilhelmsen Holding ASA","WWI","2020-08-10T10:00:00Z"
"1297","BRAbank ASA","BRA-ME","2020-08-07T14:16:40.362+02:00"
"1298","Bolig- og Næringskreditt AS","BNKR","2020-08-07T11:59:12.671+02:00"
"1299","BN Bank ASA","BNB","2020-08-07T11:57:40.349+02:00"
"1300","Medistim ASA","MEDI","2020-08-07T10:29:01.082+02:00"
"1301","Fibo Group AS","FBGR","2020-08-07T09:38:33.232+02:00"
"1302","Fibo Group AS","FBGR","2020-08-07T09:38:33.041+02:00"
"1303","Wilson ASA","WILS","2020-08-07T08:49:22.957+02:00"
"1304","Bank2 ASA","BANKTO","2020-08-06T15:51:52.986+02:00"
"1305","SpareBank 1 Næringskreditt AS","SBNK","2020-08-06T12:30:08.794+02:00"
"1306","SpareBank 1 Boligkreditt","SPBKR","2020-08-06T12:27:13.739+02:00"
"1307","SR-Boligkreditt AS","SRBOL","2020-08-06T06:30:00Z"
"1308","SR-Boligkreditt AS","SRBOL","2020-08-06T06:30:00Z"
"1309","Genel Energy Finance 2 Limited","GENEL","2020-08-06T08:03:15.295+02:00"
"1310","Euronav Luxembourg S.A.","EULU","2020-08-06T06:00:00Z"
"1311","SpareBank 1 SR-Bank ASA","SRBANK","2020-08-06T07:30:16.57+02:00"
"1312","SpareBank 1 SR-Bank ASA","SRBANK","2020-08-06T07:30:16.523+02:00"
"1313","Kongsberg Automotive ASA","KOA","2020-08-06T07:20:10.815+02:00"
"1314","GasLog Ltd","GLOG","2020-08-05T11:00:00Z"
"1315","SpareBank 1 Østlandet","SPOL","2020-08-05T08:54:19.033+02:00"
"1316","SpareBank 1 Østlandet","SPOL","2020-08-05T08:54:18.859+02:00"
"1317","Kommunalbanken AS","KOMB","2020-07-31T12:08:06.278+02:00"
"1318","Kommunalbanken AS","KOMB","2020-07-31T12:08:06.173+02:00"
"1319","DNO ASA","DNO","2020-07-30T07:00:03.684+02:00"
"1320","Romsdal Sparebank","ROMSB-ME","2020-07-29T09:09:50.377+02:00"
"1321","Romsdal Sparebank","ROMSB-ME","2020-07-29T09:03:53.293+02:00"
"1322","AKVA group ASA","AKVA","2020-07-29T08:48:34.603+02:00"
"1323","Subsea 7 S.A.","SUBC","2020-07-29T08:00:02.189+02:00"
"1324","Diana Shipping Inc","DIASH","2020-07-27T15:10:16.068+02:00"
"1325","Equinor ASA","EQNR","2020-07-24T17:36:50.006+02:00"
"1326","Equinor ASA","EQNR","2020-07-24T17:36:49.928+02:00"
"1327","TietoEVRY Oyj","TIETOO","2020-07-24T07:00:13.472+02:00"
"1328","Equinor ASA","EQNR","2020-07-24T06:44:05.922+02:00"
"1329","Equinor ASA","EQNR","2020-07-24T06:44:05.844+02:00"
"1330","PGS ASA","PGS","2020-07-23T08:00:05.169+02:00"
"1331","DNO ASA","DNO","2020-07-23T08:00:01.387+02:00"
"1332","Axactor SE","AXA","2020-07-23T05:00:00Z"
"1333","REC Silicon ASA","REC","2020-07-23T06:55:05.391+02:00"
"1334","Polarcus Limited","PLCS","2020-07-22T07:00:04.049+02:00"
"1335","Norsk Hydro ASA","NHY","2020-07-22T06:59:14.528+02:00"
"1336","Norsk Hydro ASA","NHY","2020-07-22T06:59:14.419+02:00"
"1337","Nordea Eiendomskreditt AS","NOKR","2020-07-17T11:16:08.549+02:00"
"1338","Nordea Direct Bank ASA","NDB","2020-07-17T11:14:57.728+02:00"
"1339","Swedbank Hypotek AB","SWHO","2020-07-17T11:00:09.136+02:00"
"1340","Swedbank Hypotek AB","SWHO","2020-07-17T11:00:09.104+02:00"
"1341","Yara International ASA","YAR","2020-07-17T08:00:08.727+02:00"
"1342","Yara International ASA","YAR","2020-07-17T08:00:08.649+02:00"
"1343","Statkraft AS","STAEN","2020-07-17T08:00:06.024+02:00"
"1344","Statkraft AS","STAEN","2020-07-17T08:00:05.961+02:00"
"1345","Danske Bank A/S","DDB","2020-07-17T08:00:04.508+02:00"
"1346","Aker ASA","AKER","2020-07-17T07:00:33.083+02:00"
"1347","Tomra Systems ASA","TOM","2020-07-17T07:00:28.082+02:00"
"1348","Elkem ASA","ELK","2020-07-17T07:00:20.422+02:00"
"1349","Swedbank AB","SWED","2020-07-17T07:00:20.374+02:00"
"1350","Swedbank AB","SWED","2020-07-17T07:00:19.952+02:00"
"1351","Schibsted ASA","SCHA","2020-07-17T07:00:08.232+02:00"
"1352","Scatec Solar ASA","SSO","2020-07-17T07:00:07.091+02:00"
"1353","Nordea Direct Boligkreditt AS","NDBO","2020-07-17T06:35:12.88+02:00"
"1354","Nordea Bank Abp","NDA","2020-07-17T06:30:36.251+02:00"
"1355","Nordea Bank Abp","NDA","2020-07-17T06:30:36.204+02:00"
"1356","Norske Skog ASA","NSKOG","2020-07-16T06:00:00Z"
"1357","Norske Skog ASA","NSKOG","2020-07-16T06:00:00Z"
"1358","Pareto Bank ASA","PARB","2020-07-16T07:35:05.034+02:00"
"1359","SATS ASA","SATS","2020-07-16T05:30:00Z"
"1360","Akastor ASA","AKA","2020-07-16T07:01:14.4+02:00"
"1361","XXL ASA","XXL","2020-07-16T07:01:00.52+02:00"
"1362","Akastor ASA","AKA","2020-07-16T07:00:14.33+02:00"
"1363","Adevinta ASA","ADE","2020-07-16T07:00:05.626+02:00"
"1364","Borregaard ASA","BRG","2020-07-16T07:00:04.204+02:00"
"1365","Telenor ASA","TEL","2020-07-16T05:00:00Z"
"1366","Telenor ASA","TEL","2020-07-16T05:00:00Z"
"1367","Axactor SE","AXA","2020-07-15T13:53:26.575+02:00"
"1368","Stadshypotek AB (publ)","STHY","2020-07-15T11:00:17.968+02:00"
"1369","Polarcus Limited","PLCS","2020-07-15T09:02:59.215+02:00"
"1370","Sparebanken Øst Boligkreditt AS","SPOBK","2020-07-15T08:45:46.164+02:00"
"1371","Sparebanken Øst","SPOG","2020-07-15T08:43:41.468+02:00"
"1372","Bonheur ASA","BON","2020-07-15T08:00:16.875+02:00"
"1373","Yara International ASA","YAR","2020-07-15T08:00:01.436+02:00"
"1374","Yara International ASA","YAR","2020-07-15T08:00:01.421+02:00"
"1375","Philly Shipyard ASA","PHLY","2020-07-15T07:50:02.293+02:00"
"1376","Storebrand Boligkreditt AS","STORK","2020-07-15T07:45:12.135+02:00"
"1377","Storebrand Bank ASA","STORB","2020-07-15T07:45:12.12+02:00"
"1378","Storebrand Boligkreditt AS","STORK","2020-07-15T07:45:12.042+02:00"
"1379","Storebrand Bank ASA","STORB","2020-07-15T07:45:12.026+02:00"
"1380","Storebrand Livsforsikring AS","STORL","2020-07-15T07:40:11.365+02:00"
"1381","Storebrand Livsforsikring AS","STORL","2020-07-15T07:40:11.318+02:00"
"1382","NattoPharma ASA","NATTO","2020-07-15T07:34:12.496+02:00"
"1383","Storebrand ASA","STB","2020-07-15T07:30:17.449+02:00"
"1384","Storebrand ASA","STB","2020-07-15T07:30:17.34+02:00"
"1385","Aker Solutions ASA","AKSO","2020-07-15T07:00:22.17+02:00"
"1386","Atea ASA","ATEA","2020-07-15T07:00:17.435+02:00"
"1387","NattoPharma ASA","NATTO","2020-07-15T07:00:11.028+02:00"
"1388","Sbanken ASA","SBANK","2020-07-15T07:00:04.87+02:00"
"1389","Sbanken ASA","SBANK","2020-07-15T07:00:04.855+02:00"
"1390","Sbanken Boligkreditt AS","SBANBK","2020-07-15T07:00:03.745+02:00"
"1391","Kongsberg Gruppen ASA","KOG","2020-07-15T05:00:00Z"
"1392","Kongsberg Gruppen ASA","KOG","2020-07-15T05:00:00Z"
"1393","Aker BioMarine AS","AKBM-ME","2020-07-15T05:00:00Z"
"1394","SVENSKA HANDELSBANKEN AB","SHB","2020-07-15T06:30:10.445+02:00"
"1395","Statkraft AS","STAEN","2020-07-14T10:45:58.28+02:00"
"1396","Statkraft AS","STAEN","2020-07-14T10:45:58.28+02:00"
"1397","OKEA ASA","OKEA","2020-07-14T07:00:22.853+02:00"
"1398","Aker BP ASA","AKERBP","2020-07-14T07:00:22.618+02:00"
"1399","Aker BP ASA","AKERBP","2020-07-14T07:00:22.212+02:00"
"1400","StrongPoint ASA","STRONG","2020-07-14T07:00:21.978+02:00"
"1401","Gjensidige Forsikring ASA","GJF","2020-07-14T07:00:19.587+02:00"
"1402","Gjensidige Forsikring ASA","GJF","2020-07-14T07:00:19.415+02:00"
"1403","Gjensidige Pensjonsforsikring AS","GJEPF","2020-07-14T07:00:16.337+02:00"
"1404","Norled AS","NRLD","2020-07-14T02:33:07.167+02:00"
"1405","DnB Bank ASA","DNM","2020-07-13T07:32:06.352+02:00"
"1406","DNB ASA","DNB","2020-07-13T07:30:14.069+02:00"
"1407","DNB ASA","DNB","2020-07-13T07:30:14.038+02:00"
"1408","DNB Boligkreditt AS","DNBNB","2020-07-13T07:30:02.658+02:00"
"1409","Orkla ASA","ORK","2020-07-13T07:00:02.078+02:00"
"1410","Orkla ASA","ORK","2020-07-13T07:00:01.64+02:00"
"1411","Nordic Semiconductor ASA","NOD","2020-07-13T05:00:00Z"
"1412","Orkla ASA","ORK","2020-07-13T06:59:06.392+02:00"
"1413","Orkla ASA","ORK","2020-07-13T06:59:06.377+02:00"
"1414","Kitron ASA","KIT","2020-07-10T12:46:07.517+02:00"
"1415","Kitron ASA","KIT","2020-07-10T12:46:07.517+02:00"
"1416","ABG Sundal Collier Holding ASA","ASC","2020-07-10T06:00:00Z"
"1417","Europris ASA","EPR","2020-07-10T07:00:29.52+02:00"
"1418","Europris ASA","EPR","2020-07-10T07:00:29.505+02:00"
"1419","Q-Free ASA","QFR","2020-07-10T07:00:19.908+02:00"
"1420","Entra ASA","ENTRA","2020-07-10T07:00:06.422+02:00"
"1421","Protector Forsikring ASA","PROTCT","2020-07-10T05:00:00Z"
"1422","Protector Forsikring ASA","PROTCT","2020-07-10T05:00:00Z"
"1423","Norwegian Property ASA","NPRO","2020-07-09T17:20:58.442+02:00"
"1424","Norwegian Property ASA","NPRO","2020-07-09T17:20:58.364+02:00"
"1425","Ocean Yield ASA","OCY","2020-07-09T16:33:50.688+02:00"
"1426","StrongPoint ASA","STRONG","2020-07-09T13:35:15.243+02:00"
"1427","OKEA ASA","OKEA","2020-07-09T10:15:33.788+02:00"
"1428","Adevinta ASA","ADE","2020-07-09T08:30:01.456+02:00"
"1429","Tryg Forsikring A/S","TRYG","2020-07-09T07:32:23.625+02:00"
"1430","Kværner ASA","KVAER","2020-07-09T07:00:17.05+02:00"
"1431","Kværner ASA","KVAER","2020-07-09T07:00:16.956+02:00"
"1432","Lerøy Seafood Group ASA","LSG","2020-07-07T14:50:19.294+02:00"
"1433","Lerøy Seafood Group ASA","LSG","2020-07-07T14:50:19.294+02:00"
"1434","OKEA ASA","OKEA","2020-07-03T14:25:24.682+02:00"
"1435","Aker ASA","AKER","2020-07-03T12:40:50.693+02:00"
"1436","Norwegian Property ASA","NPRO","2020-07-03T10:47:01.466+02:00"
"1437","Norwegian Property ASA","NPRO","2020-07-03T10:47:01.31+02:00"
"1438","Q-Free ASA","QFR","2020-07-03T09:52:14.253+02:00"
"1439","Scatec Solar ASA","SSO","2020-07-03T09:00:01.488+02:00"
"1440","AB Stena Metall Finans","SMF","2020-07-03T06:30:00Z"
"1441","Pareto Bank ASA","PARB","2020-07-02T13:12:11.645+02:00"
"1442","Pareto Bank ASA","PARB","2020-07-02T13:12:11.423+02:00"
"1443","Stolt-Nielsen Limited","SNI","2020-07-02T08:25:03.617+02:00"
"1444","Yara International ASA","YAR","2020-07-01T08:00:01.746+02:00"
"1445","Yara International ASA","YAR","2020-07-01T08:00:01.699+02:00"
"1446","AKA AS","AKAAS","2020-06-26T16:47:14.477+02:00"
"1447","Eagle Bulk Shipco LLC","EBS","2020-06-24T22:26:41.557+02:00"
"1448","Nortura SA","NORT","2020-06-18T08:55:00+02:00"
"1449","BKK AS","BKK","2020-06-04T14:16:53.647+02:00"
"1450","Stavanger Kommune","STAVKO","2020-06-02T08:24:51.297+02:00"
